scientific_name,birdnet_id,common_name_fr,common_name_en,is_bird,peak_share,mean_share,status,weekly
Felis catus,BN05583,chat domestique,Domestic Cat,0,1.0,1.0,resident,1.00 1.00 1.00 1.00 1.00 1.00 1.00 1.00 1.00 1.00 1.00 1.00 1.00 1.00 1.00 1.00 1.00 1.00 1.00 1.00 1.00 1.00 1.00 1.00 1.00 1.00 1.00 1.00 1.00 1.00 1.00 1.00 1.00 1.00 1.00 1.00 1.00 1.00 1.00 1.00 1.00 1.00 1.00 1.00 1.00 1.00 1.00 1.00
Bombus impatiens,BN01780,bourdon fébrile,Common Eastern Bumble Bee,0,1.0,1.0,resident,1.00 1.00 1.00 1.00 1.00 1.00 1.00 1.00 1.00 1.00 1.00 1.00 1.00 1.00 1.00 1.00 1.00 1.00 1.00 1.00 1.00 1.00 1.00 1.00 1.00 1.00 1.00 1.00 1.00 1.00 1.00 1.00 1.00 1.00 1.00 1.00 1.00 1.00 1.00 1.00 1.00 1.00 1.00 1.00 1.00 1.00 1.00 1.00
Ovis aries,BN10428,Mouton Domestique,Domestic Sheep,0,1.0,1.0,resident,1.00 1.00 1.00 1.00 1.00 1.00 1.00 1.00 1.00 1.00 1.00 1.00 1.00 1.00 1.00 1.00 1.00 1.00 1.00 1.00 1.00 1.00 1.00 1.00 1.00 1.00 1.00 1.00 1.00 1.00 1.00 1.00 1.00 1.00 1.00 1.00 1.00 1.00 1.00 1.00 1.00 1.00 1.00 1.00 1.00 1.00 1.00 1.00
Capra hircus,BN02365,Chèvre domestique,Domestic Goat,0,1.0,1.0,resident,1.00 1.00 1.00 1.00 1.00 1.00 1.00 1.00 1.00 1.00 1.00 1.00 1.00 1.00 1.00 1.00 1.00 1.00 1.00 1.00 1.00 1.00 1.00 1.00 1.00 1.00 1.00 1.00 1.00 1.00 1.00 1.00 1.00 1.00 1.00 1.00 1.00 1.00 1.00 1.00 1.00 1.00 1.00 1.00 1.00 1.00 1.00 1.00
Equus caballus,BN05192,Cheval,Domestic Horse,0,1.0,1.0,resident,1.00 1.00 1.00 1.00 1.00 1.00 1.00 1.00 1.00 1.00 1.00 1.00 1.00 1.00 1.00 1.00 1.00 1.00 1.00 1.00 1.00 1.00 1.00 1.00 1.00 1.00 1.00 1.00 1.00 1.00 1.00 1.00 1.00 1.00 1.00 1.00 1.00 1.00 1.00 1.00 1.00 1.00 1.00 1.00 1.00 1.00 1.00 1.00
Rattus norvegicus,BN13097,Rat surmulot,Brown Rat,0,1.0,1.0,resident,1.00 1.00 1.00 1.00 1.00 1.00 1.00 1.00 1.00 1.00 1.00 1.00 1.00 1.00 1.00 1.00 1.00 1.00 1.00 1.00 1.00 1.00 1.00 1.00 1.00 1.00 1.00 1.00 1.00 1.00 1.00 1.00 1.00 1.00 1.00 1.00 1.00 1.00 1.00 1.00 1.00 1.00 1.00 1.00 1.00 1.00 1.00 1.00
Canis familiaris,BN02328,Chien,Domestic Dog,0,1.0,1.0,resident,1.00 1.00 1.00 1.00 1.00 1.00 1.00 1.00 1.00 1.00 1.00 1.00 1.00 1.00 1.00 1.00 1.00 1.00 1.00 1.00 1.00 1.00 1.00 1.00 1.00 1.00 1.00 1.00 1.00 1.00 1.00 1.00 1.00 1.00 1.00 1.00 1.00 1.00 1.00 1.00 1.00 1.00 1.00 1.00 1.00 1.00 1.00 1.00
Apis mellifera,BN01032,Abeille européenne,Western Honey Bee,0,1.0,1.0,resident,1.00 1.00 1.00 1.00 1.00 1.00 1.00 1.00 1.00 1.00 1.00 1.00 1.00 1.00 1.00 1.00 1.00 1.00 1.00 1.00 1.00 1.00 1.00 1.00 1.00 1.00 1.00 1.00 1.00 1.00 1.00 1.00 1.00 1.00 1.00 1.00 1.00 1.00 1.00 1.00 1.00 1.00 1.00 1.00 1.00 1.00 1.00 1.00
Bombus terrestris,BN01794,Bourdon terrestre,Buff-tailed Bumble Bee,0,1.0,1.0,resident,1.00 1.00 1.00 1.00 1.00 1.00 1.00 1.00 1.00 1.00 1.00 1.00 1.00 1.00 1.00 1.00 1.00 1.00 1.00 1.00 1.00 1.00 1.00 1.00 1.00 1.00 1.00 1.00 1.00 1.00 1.00 1.00 1.00 1.00 1.00 1.00 1.00 1.00 1.00 1.00 1.00 1.00 1.00 1.00 1.00 1.00 1.00 1.00
Bos taurus,BN01811,Vache Domestique,Domestic Cattle,0,1.0,1.0,resident,1.00 1.00 1.00 1.00 1.00 1.00 1.00 1.00 1.00 1.00 1.00 1.00 1.00 1.00 1.00 1.00 1.00 1.00 1.00 1.00 1.00 1.00 1.00 1.00 1.00 1.00 1.00 1.00 1.00 1.00 1.00 1.00 1.00 1.00 1.00 1.00 1.00 1.00 1.00 1.00 1.00 1.00 1.00 1.00 1.00 1.00 1.00 1.00
Gallus gallus,BN05833,Coq bankiva,Red Junglefowl,1,1.0,1.0,resident,1.00 1.00 1.00 1.00 1.00 1.00 1.00 1.00 1.00 1.00 1.00 1.00 1.00 1.00 1.00 1.00 1.00 1.00 1.00 1.00 1.00 1.00 1.00 1.00 1.00 1.00 1.00 1.00 1.00 1.00 1.00 1.00 1.00 1.00 1.00 1.00 1.00 1.00 1.00 1.00 1.00 1.00 1.00 1.00 1.00 1.00 1.00 1.00
Phalacrocorax carbo,BN11052,Grand Cormoran,Great Cormorant,1,1.0,0.98,resident,0.93 0.95 0.99 0.96 0.95 0.95 0.94 0.95 0.95 0.95 0.95 0.99 1.00 1.00 1.00 1.00 1.00 1.00 1.00 1.00 1.00 1.00 1.00 1.00 0.99 0.99 1.00 0.99 1.00 1.00 1.00 1.00 1.00 1.00 1.00 1.00 1.00 1.00 1.00 1.00 1.00 0.99 0.97 0.93 0.92 0.93 0.93 0.92
Chroicocephalus ridibundus,BN03028,Mouette rieuse,Black-headed Gull,1,1.0,0.972,resident,0.92 0.93 0.97 0.95 0.93 0.94 0.94 0.96 0.95 0.95 0.95 0.99 1.00 1.00 1.00 1.00 1.00 1.00 0.99 0.96 0.97 0.94 0.95 0.96 0.96 0.98 1.00 0.99 1.00 1.00 1.00 1.00 1.00 1.00 1.00 1.00 1.00 1.00 1.00 1.00 1.00 0.99 0.97 0.93 0.92 0.93 0.93 0.92
Larus michahellis,BN07555,Goéland leucophée,Yellow-legged Gull,1,1.0,0.971,resident,0.91 0.91 0.91 0.91 0.92 0.93 0.93 0.93 0.94 0.95 0.95 1.00 1.00 1.00 1.00 1.00 1.00 1.00 1.00 0.92 0.95 0.98 0.99 1.00 1.00 1.00 1.00 1.00 1.00 1.00 1.00 1.00 1.00 1.00 1.00 1.00 1.00 1.00 1.00 1.00 1.00 0.99 0.98 0.92 0.91 0.92 0.91 0.91
Larus fuscus,BN07548,Goéland brun,Lesser Black-backed Gull,1,0.997,0.958,resident,0.93 0.93 0.97 0.94 0.94 0.93 0.93 0.95 0.96 0.96 0.98 0.99 0.99 1.00 1.00 0.99 0.99 0.99 0.97 0.96 0.95 0.93 0.92 0.92 0.90 0.90 0.92 0.92 0.94 0.96 0.97 0.98 0.98 0.98 0.99 0.99 0.99 0.99 0.99 0.99 0.99 0.99 0.98 0.93 0.91 0.93 0.92 0.92
Ardea cinerea,BN01189,Héron cendré,Grey Heron,1,1.0,0.949,resident,0.90 0.92 0.95 0.94 0.90 0.91 0.90 0.90 0.90 0.91 0.92 0.93 0.99 1.00 1.00 0.94 0.98 0.97 0.97 0.96 0.95 0.92 0.92 0.92 0.92 0.92 0.93 0.94 0.97 0.99 1.00 1.00 1.00 1.00 1.00 1.00 1.00 1.00 1.00 1.00 0.96 0.94 0.94 0.91 0.90 0.91 0.91 0.90
Sturnus vulgaris,BN14408,Étourneau sansonnet,Common Starling,1,1.0,0.947,resident,0.91 0.91 0.95 0.92 0.91 0.92 0.92 0.93 0.93 0.93 0.94 0.95 0.96 0.96 0.96 0.93 0.95 0.94 0.95 0.92 0.93 0.92 0.93 0.95 0.94 0.94 0.96 0.95 0.94 0.96 0.98 1.00 0.98 0.97 0.97 0.96 0.98 1.00 1.00 1.00 1.00 0.96 0.96 0.92 0.92 0.92 0.92 0.91
Erithacus rubecula,BN05247,Rougegorge familier,European Robin,1,1.0,0.941,resident,0.89 0.89 0.89 0.89 0.89 0.89 0.89 0.89 0.90 0.92 0.96 0.99 1.00 1.00 0.99 1.00 1.00 1.00 1.00 0.90 0.90 0.89 0.89 0.89 0.88 0.89 0.89 0.89 0.90 0.90 0.99 1.00 1.00 1.00 1.00 1.00 1.00 1.00 1.00 1.00 1.00 0.97 0.95 0.91 0.90 0.90 0.90 0.90
Phylloscopus collybita,BN11333,Pouillot véloce,Common Chiffchaff,1,1.0,0.935,resident,0.89 0.89 0.89 0.89 0.89 0.88 0.89 0.89 0.89 0.89 0.92 0.96 1.00 1.00 1.00 1.00 1.00 1.00 1.00 0.92 0.90 0.89 0.89 0.89 0.88 0.88 0.89 0.89 0.90 0.96 1.00 1.00 1.00 1.00 1.00 1.00 1.00 1.00 1.00 1.00 0.96 0.91 0.90 0.89 0.89 0.89 0.89 0.89
Motacilla alba,BN09124,Bergeronnette grise,White Wagtail,1,1.0,0.933,resident,0.89 0.89 0.90 0.89 0.89 0.89 0.90 0.90 0.92 0.94 0.95 0.95 0.98 0.99 0.98 0.93 0.97 0.92 0.92 0.90 0.90 0.90 0.90 0.90 0.89 0.89 0.90 0.90 0.90 0.91 1.00 1.00 1.00 1.00 1.00 1.00 1.00 1.00 1.00 1.00 0.98 0.93 0.92 0.90 0.89 0.89 0.89 0.89
Phoenicurus ochruros,BN11203,Rougequeue noir,Black Redstart,1,1.0,0.931,resident,0.89 0.89 0.90 0.89 0.89 0.90 0.90 0.90 0.91 0.93 0.96 0.97 0.99 0.98 0.96 0.92 0.91 0.90 0.91 0.89 0.89 0.89 0.89 0.90 0.89 0.89 0.90 0.89 0.90 0.90 0.92 0.96 0.98 1.00 0.99 1.00 1.00 1.00 1.00 1.00 1.00 0.99 0.96 0.91 0.90 0.90 0.90 0.90
Turdus philomelos,BN15465,Grive musicienne,Song Thrush,1,1.0,0.929,resident,0.89 0.89 0.90 0.90 0.90 0.91 0.92 0.93 0.94 0.94 0.95 0.95 0.97 0.96 0.95 0.96 0.97 0.96 0.98 0.95 0.93 0.91 0.92 0.94 0.90 0.90 0.89 0.89 0.88 0.88 0.88 0.88 0.89 0.88 0.91 0.94 0.95 1.00 1.00 1.00 1.00 0.97 0.96 0.94 0.92 0.91 0.90 0.90
Fringilla coelebs,BN05700,Pinson des arbres,Eurasian Chaffinch,1,1.0,0.927,resident,0.89 0.89 0.89 0.89 0.89 0.89 0.89 0.89 0.91 0.93 0.95 0.97 0.99 0.98 0.96 0.95 0.96 0.94 0.96 0.92 0.91 0.91 0.91 0.93 0.90 0.90 0.90 0.90 0.90 0.90 0.89 0.90 0.91 0.93 0.96 0.97 1.00 1.00 1.00 1.00 1.00 0.93 0.92 0.90 0.89 0.89 0.89 0.89
Alauda arvensis,BN00362,Alouette des champs,Eurasian Skylark,1,1.0,0.926,resident,0.89 0.89 0.90 0.89 0.89 0.89 0.89 0.90 0.92 0.92 0.93 0.94 0.94 0.93 0.94 0.90 0.92 0.92 0.90 0.90 0.91 0.90 0.90 0.89 0.88 0.88 0.88 0.88 0.88 0.89 0.96 1.00 0.99 1.00 0.99 0.99 1.00 1.00 1.00 1.00 0.99 0.95 0.94 0.91 0.90 0.90 0.89 0.89
Coloeus monedula,BN03489,Choucas des tours,Western Jackdaw,1,1.0,0.925,resident,0.89 0.90 0.90 0.90 0.91 0.91 0.91 0.92 0.91 0.91 0.91 0.93 0.93 0.94 0.95 0.92 0.93 0.92 0.93 0.90 0.90 0.90 0.91 0.91 0.91 0.91 0.95 0.92 0.91 0.95 0.99 1.00 0.98 0.98 0.95 0.94 0.96 0.93 0.94 0.99 0.93 0.92 0.92 0.89 0.89 0.89 0.90 0.89
Sylvia atricapilla,BN14458,Fauvette à tête noire,Eurasian Blackcap,1,1.0,0.922,resident,0.88 0.88 0.88 0.88 0.88 0.88 0.88 0.88 0.88 0.89 0.89 0.90 0.93 0.95 0.94 0.95 1.00 0.97 0.99 0.91 0.90 0.90 0.90 0.89 0.89 0.89 0.89 0.89 0.89 0.89 0.90 1.00 1.00 1.00 1.00 1.00 1.00 1.00 1.00 1.00 0.92 0.90 0.90 0.89 0.88 0.88 0.88 0.88
Falco tinnunculus,BN05563,Faucon crécerelle,Common Kestrel,1,1.0,0.919,resident,0.89 0.89 0.89 0.89 0.89 0.89 0.89 0.89 0.89 0.89 0.90 0.92 0.97 0.96 0.95 0.94 0.96 0.92 0.92 0.91 0.91 0.90 0.90 0.91 0.90 0.90 0.90 0.90 0.90 0.91 0.94 1.00 1.00 1.00 0.95 0.93 0.94 0.92 0.95 0.97 0.93 0.91 0.90 0.89 0.89 0.89 0.89 0.89
Anas platyrhynchos,BN00713,Canard colvert,Mallard,1,0.962,0.919,resident,0.90 0.91 0.95 0.94 0.90 0.92 0.91 0.91 0.91 0.91 0.92 0.93 0.93 0.93 0.93 0.90 0.90 0.90 0.93 0.90 0.90 0.90 0.90 0.90 0.89 0.89 0.89 0.90 0.89 0.89 0.90 0.96 0.93 0.96 0.95 0.95 0.96 0.95 0.95 0.95 0.94 0.94 0.94 0.90 0.90 0.91 0.91 0.90
Columba livia,BN03514,Pigeon biset,Rock Dove,1,1.0,0.918,resident,0.89 0.89 0.90 0.89 0.89 0.89 0.89 0.89 0.89 0.89 0.90 0.91 0.92 0.93 0.93 0.91 0.94 0.92 0.92 0.91 0.92 0.92 0.94 0.96 0.96 0.96 0.95 0.93 0.93 0.94 0.99 1.00 0.99 0.97 0.92 0.90 0.90 0.90 0.90 0.90 0.90 0.90 0.89 0.89 0.89 0.89 0.89 0.89
Turdus merula,BN15446,Merle noir,Common Blackbird,1,0.993,0.915,resident,0.89 0.89 0.90 0.89 0.89 0.90 0.90 0.90 0.92 0.93 0.94 0.95 0.95 0.95 0.93 0.91 0.90 0.90 0.90 0.90 0.89 0.90 0.89 0.90 0.89 0.89 0.89 0.89 0.88 0.88 0.88 0.89 0.89 0.89 0.90 0.95 0.98 0.96 0.99 0.99 0.96 0.95 0.94 0.92 0.91 0.91 0.90 0.90
Columba palumbus,BN03520,Pigeon ramier,Common Wood Pigeon,1,0.962,0.914,resident,0.88 0.89 0.89 0.89 0.89 0.89 0.88 0.89 0.90 0.92 0.92 0.93 0.94 0.94 0.93 0.92 0.92 0.92 0.96 0.94 0.93 0.93 0.93 0.96 0.93 0.94 0.96 0.95 0.90 0.90 0.90 0.90 0.89 0.89 0.90 0.91 0.95 0.94 0.92 0.92 0.92 0.90 0.90 0.89 0.88 0.89 0.89 0.88
Streptopelia decaocto,BN14345,Tourterelle turque,Eurasian Collared Dove,1,0.974,0.914,resident,0.89 0.89 0.89 0.89 0.89 0.89 0.89 0.89 0.89 0.89 0.89 0.92 0.94 0.94 0.93 0.92 0.91 0.92 0.93 0.92 0.92 0.93 0.95 0.96 0.97 0.97 0.97 0.96 0.96 0.94 0.96 0.97 0.92 0.90 0.90 0.89 0.92 0.89 0.89 0.89 0.89 0.88 0.88 0.88 0.88 0.88 0.89 0.88
Egretta garzetta,BN04922,Aigrette garzette,Little Egret,1,0.997,0.914,resident,0.88 0.88 0.94 0.92 0.88 0.89 0.88 0.88 0.88 0.89 0.89 0.91 0.94 0.97 0.96 0.91 0.92 0.92 0.91 0.90 0.90 0.90 0.90 0.90 0.92 0.91 0.92 0.92 0.94 0.96 0.99 1.00 0.99 0.99 0.93 0.90 0.90 0.90 0.90 0.90 0.89 0.89 0.89 0.88 0.88 0.88 0.89 0.88
Falco peregrinus,BN05553,Faucon pèlerin,Peregrine Falcon,1,1.0,0.913,resident,0.89 0.89 0.89 0.89 0.89 0.88 0.89 0.89 0.89 0.89 0.89 0.90 0.90 0.90 0.91 0.91 0.91 0.91 0.91 0.89 0.89 0.89 0.89 0.89 0.89 0.89 0.89 0.89 0.89 0.89 0.90 0.96 0.94 0.98 0.96 0.96 1.00 1.00 1.00 1.00 0.98 0.94 0.93 0.90 0.90 0.89 0.89 0.89
Hirundo rustica,BN06682,Hirondelle rustique,Barn Swallow,1,1.0,0.912,resident,0.73 0.72 0.72 0.73 0.74 0.77 0.80 0.86 0.88 0.88 0.90 0.96 1.00 1.00 1.00 1.00 1.00 1.00 1.00 1.00 1.00 1.00 1.00 0.98 0.98 0.99 1.00 0.99 1.00 1.00 1.00 1.00 1.00 1.00 1.00 0.98 0.97 0.94 0.93 0.90 0.89 0.87 0.85 0.82 0.77 0.74 0.73 0.73
Anthus pratensis,BN00934,Pipit farlouse,Meadow Pipit,1,1.0,0.911,resident,0.90 0.90 0.91 0.90 0.90 0.90 0.91 0.92 0.93 0.95 0.98 0.99 1.00 0.99 0.98 0.97 0.97 0.93 0.88 0.83 0.81 0.78 0.77 0.77 0.75 0.75 0.75 0.78 0.80 0.82 0.92 0.95 0.99 0.99 1.00 1.00 1.00 1.00 1.00 1.00 1.00 0.99 0.95 0.91 0.90 0.90 0.90 0.90
Accipiter nisus,BN00036,Épervier d'Europe,Eurasian Sparrowhawk,1,0.996,0.908,resident,0.89 0.89 0.90 0.89 0.89 0.89 0.89 0.89 0.89 0.90 0.91 0.92 0.94 0.93 0.92 0.91 0.93 0.91 0.93 0.89 0.89 0.88 0.88 0.88 0.88 0.88 0.89 0.89 0.89 0.89 0.89 0.90 0.91 0.92 0.92 0.92 0.97 0.94 1.00 0.99 0.94 0.93 0.92 0.90 0.89 0.90 0.89 0.89
Carduelis carduelis,BN02428,Chardonneret élégant,European Goldfinch,1,0.942,0.906,resident,0.89 0.89 0.89 0.89 0.90 0.89 0.90 0.90 0.90 0.90 0.90 0.92 0.92 0.92 0.91 0.92 0.92 0.91 0.91 0.92 0.93 0.92 0.92 0.91 0.90 0.91 0.91 0.90 0.89 0.90 0.90 0.92 0.90 0.89 0.89 0.90 0.94 0.90 0.91 0.91 0.90 0.90 0.90 0.90 0.89 0.89 0.90 0.89
Linaria cannabina,BN07915,Linotte mélodieuse,Common Linnet,1,1.0,0.906,resident,0.88 0.88 0.88 0.88 0.89 0.88 0.89 0.89 0.89 0.89 0.89 0.90 0.91 0.92 0.92 0.92 0.92 0.92 0.92 0.91 0.91 0.91 0.91 0.90 0.89 0.90 0.90 0.89 0.88 0.88 0.89 0.90 0.90 0.90 0.90 0.92 0.96 0.99 1.00 1.00 0.90 0.90 0.90 0.89 0.89 0.89 0.89 0.89
Troglodytes troglodytes,BN15317,Troglodyte mignon,Eurasian Wren,1,1.0,0.906,resident,0.89 0.89 0.89 0.89 0.89 0.89 0.89 0.89 0.89 0.89 0.90 0.91 0.92 0.93 0.91 0.90 0.90 0.90 0.89 0.89 0.89 0.89 0.89 0.89 0.89 0.89 0.89 0.89 0.88 0.88 0.88 0.89 0.89 0.90 0.92 0.96 1.00 1.00 1.00 1.00 0.92 0.91 0.91 0.89 0.89 0.89 0.89 0.89
Pica pica,BN11450,Pie bavarde,Eurasian Magpie,1,1.0,0.905,resident,0.88 0.88 0.88 0.88 0.87 0.87 0.87 0.87 0.87 0.87 0.88 0.88 0.88 0.89 0.90 0.89 0.90 0.90 0.94 0.91 0.90 0.89 0.89 0.89 0.89 0.89 0.89 0.89 0.89 0.90 0.98 1.00 1.00 1.00 1.00 0.99 1.00 0.96 0.91 0.90 0.89 0.88 0.88 0.88 0.88 0.88 0.88 0.88
Buteo buteo,BN02011,Buse variable,Common Buzzard,1,0.984,0.904,resident,0.89 0.89 0.89 0.89 0.89 0.89 0.89 0.89 0.89 0.89 0.89 0.90 0.91 0.92 0.91 0.91 0.91 0.91 0.91 0.91 0.91 0.91 0.90 0.91 0.90 0.90 0.90 0.90 0.90 0.89 0.89 0.89 0.90 0.91 0.92 0.96 0.98 0.96 0.91 0.90 0.89 0.89 0.89 0.89 0.89 0.89 0.89 0.89
Chloris chloris,BN02895,Verdier d'Europe,European Greenfinch,1,0.99,0.904,resident,0.89 0.89 0.89 0.89 0.89 0.89 0.89 0.89 0.89 0.89 0.91 0.92 0.91 0.90 0.90 0.90 0.89 0.89 0.89 0.89 0.90 0.90 0.90 0.90 0.90 0.90 0.90 0.90 0.90 0.91 0.93 0.99 0.91 0.90 0.90 0.91 0.95 0.93 0.95 0.91 0.90 0.90 0.89 0.89 0.89 0.89 0.89 0.89
Regulus regulus,BN13122,Roitelet huppé,Goldcrest,1,1.0,0.902,resident,0.89 0.89 0.89 0.89 0.89 0.89 0.89 0.89 0.90 0.91 0.92 0.94 0.93 0.92 0.90 0.89 0.88 0.88 0.88 0.87 0.87 0.86 0.86 0.86 0.85 0.85 0.86 0.86 0.87 0.87 0.88 0.89 0.90 0.90 0.92 0.95 0.99 1.00 1.00 1.00 0.95 0.93 0.93 0.90 0.89 0.89 0.89 0.89
Motacilla cinerea,BN09127,Bergeronnette des ruisseaux,Grey Wagtail,1,1.0,0.902,resident,0.88 0.88 0.88 0.88 0.88 0.88 0.88 0.88 0.88 0.88 0.89 0.90 0.91 0.91 0.90 0.90 0.89 0.89 0.89 0.89 0.88 0.88 0.88 0.87 0.87 0.87 0.88 0.88 0.88 0.88 0.89 0.89 0.90 0.91 0.92 0.95 1.00 1.00 1.00 1.00 0.95 0.92 0.91 0.89 0.89 0.89 0.89 0.88
Actitis hypoleucos,BN00135,Chevalier guignette,Common Sandpiper,1,1.0,0.9,resident,0.87 0.87 0.89 0.87 0.87 0.87 0.87 0.88 0.88 0.88 0.88 0.89 0.90 0.91 0.91 0.91 0.92 0.90 0.90 0.89 0.88 0.88 0.88 0.88 0.88 0.89 0.90 0.90 0.92 0.98 1.00 1.00 1.00 1.00 0.96 0.91 0.90 0.89 0.89 0.89 0.89 0.89 0.88 0.88 0.88 0.87 0.87 0.87
Parus major,BN10707,Mésange charbonnière,Great Tit,1,0.983,0.9,resident,0.89 0.89 0.89 0.89 0.89 0.89 0.89 0.89 0.89 0.90 0.90 0.93 0.93 0.92 0.90 0.90 0.89 0.89 0.89 0.90 0.89 0.89 0.89 0.89 0.89 0.89 0.89 0.89 0.89 0.89 0.89 0.89 0.90 0.90 0.91 0.96 0.98 0.95 0.90 0.90 0.89 0.89 0.89 0.89 0.89 0.89 0.89 0.89
Gallinula chloropus,BN05803,Gallinule poule-d'eau,Common Moorhen,1,0.947,0.897,resident,0.89 0.89 0.95 0.89 0.89 0.89 0.89 0.89 0.89 0.89 0.89 0.90 0.92 0.93 0.92 0.90 0.89 0.89 0.89 0.89 0.88 0.88 0.88 0.88 0.88 0.88 0.88 0.89 0.89 0.89 0.90 0.91 0.91 0.92 0.91 0.92 0.93 0.92 0.92 0.91 0.90 0.89 0.89 0.89 0.88 0.89 0.89 0.89
Saxicola rubicola,BN13562,Tarier pâtre,European Stonechat,1,0.916,0.895,resident,0.89 0.89 0.90 0.89 0.89 0.90 0.89 0.90 0.90 0.91 0.91 0.92 0.91 0.90 0.89 0.89 0.89 0.89 0.89 0.89 0.89 0.89 0.89 0.89 0.89 0.89 0.89 0.89 0.89 0.89 0.89 0.89 0.89 0.88 0.89 0.88 0.89 0.89 0.89 0.89 0.90 0.90 0.89 0.89 0.89 0.89 0.89 0.89
Passer domesticus,BN10714,Moineau domestique,House Sparrow,1,0.95,0.893,resident,0.88 0.88 0.88 0.88 0.88 0.88 0.88 0.88 0.88 0.88 0.88 0.89 0.89 0.89 0.90 0.89 0.89 0.89 0.90 0.90 0.90 0.90 0.89 0.90 0.89 0.90 0.90 0.90 0.89 0.89 0.89 0.94 0.93 0.95 0.89 0.89 0.93 0.89 0.89 0.89 0.89 0.89 0.88 0.88 0.88 0.88 0.88 0.88
Cyanistes caeruleus,BN04106,Mésange bleue,Eurasian Blue Tit,1,0.976,0.892,resident,0.88 0.88 0.89 0.89 0.88 0.89 0.88 0.88 0.88 0.89 0.89 0.89 0.89 0.89 0.89 0.89 0.89 0.89 0.90 0.89 0.89 0.89 0.89 0.89 0.88 0.89 0.89 0.89 0.89 0.88 0.89 0.89 0.89 0.89 0.89 0.90 0.95 0.93 0.98 0.90 0.89 0.89 0.89 0.88 0.88 0.88 0.88 0.88
Vanellus vanellus,BN15685,Vanneau huppé,Northern Lapwing,1,0.942,0.892,resident,0.89 0.90 0.94 0.94 0.90 0.93 0.91 0.92 0.93 0.93 0.92 0.93 0.92 0.90 0.88 0.86 0.87 0.86 0.86 0.85 0.85 0.84 0.84 0.85 0.85 0.85 0.87 0.86 0.85 0.86 0.87 0.88 0.88 0.87 0.89 0.90 0.91 0.92 0.94 0.94 0.94 0.94 0.94 0.90 0.89 0.91 0.90 0.89
Podiceps cristatus,BN11812,Grèbe huppé,Great Crested Grebe,1,0.953,0.891,resident,0.88 0.89 0.95 0.94 0.89 0.89 0.89 0.89 0.89 0.89 0.89 0.89 0.90 0.90 0.89 0.89 0.88 0.89 0.89 0.88 0.88 0.88 0.88 0.88 0.88 0.88 0.88 0.88 0.88 0.88 0.88 0.89 0.89 0.90 0.89 0.91 0.92 0.91 0.90 0.89 0.89 0.88 0.88 0.88 0.88 0.88 0.88 0.88
Corvus corax,BN03725,Grand Corbeau,Northern Raven,1,0.972,0.89,resident,0.88 0.88 0.88 0.88 0.88 0.88 0.88 0.88 0.88 0.88 0.89 0.89 0.89 0.89 0.88 0.89 0.89 0.89 0.88 0.88 0.89 0.88 0.88 0.88 0.88 0.88 0.88 0.88 0.88 0.88 0.88 0.90 0.90 0.89 0.90 0.90 0.97 0.95 0.95 0.89 0.89 0.89 0.89 0.88 0.88 0.88 0.88 0.88
Fulica atra,BN05715,Foulque macroule,Eurasian Coot,1,0.946,0.89,resident,0.88 0.89 0.95 0.94 0.89 0.90 0.89 0.89 0.89 0.89 0.89 0.90 0.92 0.92 0.90 0.89 0.88 0.89 0.89 0.88 0.89 0.89 0.88 0.88 0.88 0.88 0.88 0.88 0.88 0.88 0.88 0.88 0.88 0.88 0.88 0.88 0.89 0.89 0.89 0.89 0.89 0.89 0.89 0.88 0.88 0.88 0.89 0.88
Circus aeruginosus,BN03235,Busard des roseaux,Western Marsh Harrier,1,0.999,0.889,resident,0.85 0.86 0.86 0.85 0.85 0.85 0.85 0.86 0.86 0.87 0.88 0.88 0.89 0.89 0.89 0.89 0.89 0.88 0.88 0.88 0.88 0.88 0.88 0.88 0.88 0.88 0.88 0.89 0.90 0.94 0.99 1.00 0.99 1.00 0.96 0.94 0.95 0.89 0.88 0.88 0.87 0.87 0.86 0.86 0.85 0.85 0.85 0.85
Regulus ignicapilla,BN13120,Roitelet triple-bandeau,Common Firecrest,1,0.926,0.888,resident,0.88 0.88 0.88 0.88 0.88 0.88 0.88 0.88 0.88 0.88 0.89 0.89 0.91 0.93 0.90 0.91 0.90 0.89 0.89 0.89 0.88 0.88 0.88 0.88 0.88 0.88 0.88 0.88 0.88 0.88 0.88 0.88 0.88 0.88 0.89 0.89 0.90 0.91 0.91 0.90 0.89 0.88 0.88 0.88 0.88 0.88 0.88 0.88
Ardea alba,BN01187,Grande Aigrette,Great Egret,1,0.933,0.887,resident,0.88 0.88 0.93 0.87 0.87 0.87 0.87 0.87 0.87 0.87 0.87 0.88 0.89 0.90 0.91 0.89 0.89 0.89 0.88 0.88 0.88 0.88 0.87 0.87 0.87 0.87 0.88 0.88 0.88 0.89 0.91 0.93 0.91 0.91 0.90 0.90 0.93 0.91 0.91 0.90 0.89 0.88 0.88 0.88 0.88 0.88 0.88 0.88
Tachybaptus ruficollis,BN14587,Grèbe castagneux,Little Grebe,1,0.949,0.887,resident,0.88 0.89 0.95 0.93 0.89 0.90 0.88 0.88 0.88 0.88 0.88 0.89 0.90 0.90 0.89 0.89 0.88 0.89 0.89 0.89 0.88 0.88 0.88 0.88 0.88 0.88 0.88 0.88 0.88 0.89 0.89 0.89 0.88 0.88 0.88 0.88 0.88 0.88 0.88 0.88 0.88 0.88 0.88 0.88 0.88 0.88 0.88 0.88
Garrulus glandarius,BN05864,Geai des chênes,Eurasian Jay,1,0.98,0.885,resident,0.88 0.88 0.87 0.87 0.88 0.87 0.87 0.87 0.88 0.88 0.89 0.89 0.89 0.88 0.88 0.88 0.88 0.88 0.89 0.89 0.89 0.89 0.89 0.89 0.88 0.88 0.89 0.88 0.88 0.88 0.88 0.88 0.88 0.88 0.89 0.89 0.98 0.90 0.89 0.89 0.88 0.88 0.88 0.88 0.88 0.88 0.88 0.88
Dendrocopos major,BN04406,Pic épeiche,Great Spotted Woodpecker,1,0.987,0.885,resident,0.87 0.87 0.87 0.87 0.87 0.87 0.87 0.87 0.87 0.87 0.88 0.88 0.88 0.88 0.88 0.88 0.88 0.88 0.88 0.88 0.88 0.88 0.88 0.88 0.88 0.88 0.88 0.88 0.88 0.88 0.88 0.88 0.89 0.89 0.90 0.92 0.99 0.95 0.93 0.89 0.88 0.88 0.88 0.87 0.87 0.87 0.87 0.87
Aegithalos caudatus,BN00160,Orite à longue queue,Long-tailed Tit,1,0.969,0.885,resident,0.87 0.87 0.88 0.87 0.87 0.87 0.87 0.87 0.87 0.87 0.88 0.88 0.89 0.89 0.89 0.89 0.89 0.89 0.89 0.89 0.89 0.89 0.89 0.89 0.88 0.88 0.88 0.88 0.88 0.88 0.88 0.88 0.89 0.88 0.89 0.89 0.97 0.90 0.89 0.89 0.88 0.88 0.88 0.88 0.87 0.88 0.88 0.88
Rallus aquaticus,BN12975,Râle d'eau,Water Rail,1,0.928,0.885,resident,0.88 0.88 0.91 0.89 0.88 0.88 0.88 0.88 0.88 0.87 0.88 0.88 0.89 0.89 0.88 0.88 0.88 0.88 0.88 0.88 0.87 0.87 0.87 0.87 0.87 0.87 0.87 0.87 0.87 0.87 0.88 0.88 0.88 0.88 0.88 0.89 0.89 0.90 0.91 0.92 0.93 0.92 0.92 0.90 0.89 0.89 0.89 0.89
Anser anser,BN00821,Oie cendrée,Greylag Goose,1,0.963,0.884,resident,0.88 0.89 0.93 0.93 0.88 0.91 0.88 0.88 0.87 0.87 0.88 0.89 0.90 0.90 0.89 0.87 0.88 0.87 0.87 0.87 0.87 0.86 0.85 0.86 0.84 0.84 0.84 0.84 0.84 0.85 0.86 0.88 0.88 0.87 0.88 0.89 0.91 0.94 0.96 0.94 0.93 0.93 0.93 0.88 0.88 0.89 0.88 0.88
Alcedo atthis,BN00373,Martin-pêcheur d'Europe,Common Kingfisher,1,0.912,0.883,resident,0.88 0.88 0.91 0.88 0.88 0.88 0.88 0.88 0.88 0.88 0.88 0.88 0.88 0.88 0.88 0.88 0.88 0.88 0.88 0.88 0.88 0.88 0.88 0.88 0.88 0.88 0.88 0.88 0.88 0.88 0.88 0.88 0.88 0.88 0.88 0.88 0.89 0.89 0.89 0.89 0.89 0.89 0.89 0.89 0.88 0.88 0.89 0.88
Periparus ater,BN10919,Mésange noire,Coal Tit,1,0.97,0.882,resident,0.87 0.87 0.87 0.87 0.87 0.87 0.87 0.87 0.87 0.87 0.88 0.88 0.88 0.88 0.88 0.88 0.88 0.88 0.89 0.88 0.88 0.88 0.88 0.88 0.88 0.88 0.88 0.88 0.88 0.88 0.88 0.88 0.88 0.88 0.88 0.89 0.97 0.95 0.95 0.89 0.88 0.87 0.87 0.87 0.87 0.87 0.87 0.87
Prunella modularis,BN12272,Accenteur mouchet,Dunnock,1,0.945,0.882,resident,0.88 0.89 0.89 0.88 0.88 0.88 0.88 0.88 0.88 0.88 0.89 0.90 0.91 0.91 0.90 0.89 0.88 0.88 0.88 0.88 0.87 0.86 0.86 0.86 0.84 0.84 0.84 0.84 0.84 0.84 0.85 0.87 0.88 0.88 0.89 0.90 0.93 0.94 0.92 0.90 0.90 0.90 0.90 0.89 0.89 0.89 0.89 0.89
Turdus viscivorus,BN15495,Grive draine,Mistle Thrush,1,0.959,0.882,resident,0.87 0.87 0.87 0.87 0.87 0.87 0.87 0.87 0.88 0.88 0.88 0.89 0.88 0.88 0.88 0.88 0.88 0.88 0.89 0.88 0.88 0.88 0.88 0.88 0.87 0.87 0.87 0.87 0.87 0.87 0.87 0.87 0.88 0.87 0.88 0.92 0.96 0.95 0.93 0.91 0.89 0.88 0.88 0.88 0.88 0.88 0.88 0.87
Serinus serinus,BN13853,Serin cini,European Serin,1,0.906,0.881,resident,0.87 0.87 0.87 0.86 0.86 0.87 0.87 0.87 0.87 0.87 0.88 0.89 0.90 0.91 0.90 0.90 0.90 0.90 0.89 0.89 0.88 0.88 0.88 0.88 0.89 0.89 0.89 0.89 0.88 0.89 0.89 0.89 0.88 0.87 0.88 0.87 0.88 0.88 0.88 0.89 0.88 0.88 0.88 0.87 0.87 0.87 0.87 0.87
Anas crecca,BN00700,Sarcelle d'hiver,Green-winged Teal,1,0.949,0.881,resident,0.89 0.90 0.94 0.94 0.89 0.90 0.90 0.90 0.91 0.91 0.92 0.92 0.92 0.91 0.89 0.89 0.87 0.86 0.84 0.82 0.78 0.75 0.74 0.75 0.74 0.75 0.77 0.79 0.82 0.85 0.88 0.91 0.92 0.92 0.94 0.95 0.95 0.95 0.95 0.94 0.94 0.94 0.93 0.90 0.90 0.90 0.90 0.90
Milvus milvus,BN08945,Milan royal,Red Kite,1,0.898,0.881,resident,0.87 0.87 0.88 0.87 0.87 0.87 0.87 0.88 0.88 0.88 0.88 0.88 0.89 0.89 0.88 0.89 0.89 0.88 0.89 0.89 0.90 0.90 0.89 0.89 0.88 0.88 0.88 0.88 0.88 0.88 0.88 0.88 0.88 0.88 0.88 0.88 0.88 0.88 0.89 0.89 0.88 0.88 0.88 0.88 0.87 0.87 0.87 0.87
Corvus corone,BN03727,Corneille noire,Carrion Crow,1,0.947,0.88,resident,0.86 0.86 0.85 0.86 0.85 0.86 0.86 0.86 0.86 0.87 0.87 0.89 0.91 0.91 0.91 0.89 0.89 0.89 0.93 0.88 0.88 0.88 0.88 0.88 0.87 0.87 0.88 0.88 0.88 0.88 0.88 0.89 0.89 0.90 0.90 0.90 0.95 0.92 0.88 0.89 0.89 0.87 0.87 0.86 0.85 0.86 0.86 0.85
Tadorna tadorna,BN14645,Tadorne de Belon,Common Shelduck,1,0.943,0.879,resident,0.88 0.89 0.94 0.89 0.89 0.90 0.89 0.89 0.89 0.89 0.90 0.92 0.94 0.94 0.94 0.91 0.90 0.88 0.87 0.84 0.85 0.84 0.84 0.86 0.85 0.84 0.84 0.83 0.84 0.85 0.88 0.90 0.87 0.86 0.85 0.85 0.85 0.87 0.88 0.89 0.88 0.89 0.89 0.88 0.88 0.88 0.88 0.88
Phasianus colchicus,BN11087,Faisan de Colchide,Common Pheasant,1,0.896,0.879,resident,0.87 0.87 0.87 0.87 0.87 0.87 0.87 0.87 0.87 0.87 0.88 0.89 0.89 0.89 0.88 0.89 0.89 0.89 0.89 0.89 0.89 0.89 0.88 0.88 0.88 0.88 0.88 0.88 0.88 0.88 0.88 0.88 0.88 0.89 0.89 0.89 0.90 0.88 0.88 0.88 0.88 0.87 0.87 0.87 0.87 0.87 0.87 0.87
Gallinago gallinago,BN05787,Bécassine des marais,Common Snipe,1,0.963,0.876,resident,0.88 0.89 0.94 0.90 0.88 0.89 0.88 0.89 0.89 0.89 0.90 0.91 0.91 0.91 0.89 0.88 0.88 0.86 0.84 0.79 0.75 0.73 0.72 0.73 0.73 0.76 0.77 0.80 0.84 0.87 0.91 0.96 0.95 0.95 0.95 0.94 0.95 0.95 0.94 0.94 0.93 0.92 0.93 0.90 0.89 0.89 0.89 0.88
Tringa ochropus,BN15268,Chevalier cul-blanc,Green Sandpiper,1,0.964,0.876,resident,0.86 0.86 0.93 0.87 0.86 0.87 0.87 0.87 0.86 0.87 0.87 0.88 0.88 0.88 0.88 0.88 0.88 0.88 0.87 0.86 0.86 0.86 0.86 0.86 0.87 0.87 0.88 0.88 0.89 0.90 0.92 0.96 0.90 0.89 0.88 0.88 0.88 0.88 0.87 0.87 0.87 0.87 0.87 0.87 0.86 0.86 0.86 0.86
Ardea ibis,BN01195,Héron garde-boeufs,Western Cattle Egret,1,0.952,0.875,resident,0.85 0.85 0.85 0.84 0.84 0.83 0.84 0.84 0.85 0.86 0.86 0.88 0.93 0.92 0.91 0.89 0.89 0.88 0.88 0.88 0.88 0.88 0.88 0.87 0.87 0.88 0.88 0.87 0.87 0.87 0.88 0.95 0.91 0.94 0.89 0.88 0.88 0.88 0.88 0.88 0.89 0.89 0.88 0.87 0.87 0.86 0.85 0.85
Cygnus olor,BN04215,Cygne tuberculé,Mute Swan,1,0.936,0.874,resident,0.87 0.87 0.94 0.88 0.87 0.87 0.86 0.87 0.86 0.86 0.86 0.88 0.88 0.88 0.88 0.88 0.88 0.88 0.88 0.88 0.88 0.87 0.87 0.88 0.87 0.87 0.87 0.87 0.87 0.87 0.88 0.88 0.87 0.87 0.86 0.86 0.89 0.88 0.87 0.88 0.88 0.87 0.88 0.87 0.88 0.87 0.87 0.87
Emberiza schoeniclus,BN05071,Bruant des roseaux,Common Reed Bunting,1,0.991,0.874,resident,0.88 0.88 0.89 0.88 0.88 0.89 0.89 0.89 0.88 0.88 0.89 0.90 0.90 0.90 0.92 0.89 0.88 0.87 0.84 0.82 0.81 0.80 0.80 0.80 0.79 0.79 0.79 0.79 0.79 0.79 0.79 0.81 0.84 0.92 0.93 0.93 0.93 0.99 0.99 0.99 0.94 0.91 0.91 0.89 0.89 0.89 0.89 0.88
Passer montanus,BN10728,Moineau friquet,Eurasian Tree Sparrow,1,0.891,0.873,resident,0.87 0.87 0.87 0.87 0.86 0.86 0.86 0.86 0.86 0.86 0.86 0.86 0.88 0.88 0.88 0.88 0.88 0.88 0.88 0.88 0.88 0.88 0.87 0.87 0.86 0.86 0.87 0.87 0.87 0.87 0.88 0.89 0.88 0.88 0.88 0.88 0.88 0.88 0.89 0.89 0.88 0.88 0.88 0.87 0.87 0.87 0.87 0.87
Aythya ferina,BN01550,Fuligule milouin,Common Pochard,1,0.943,0.87,resident,0.88 0.88 0.94 0.94 0.88 0.88 0.87 0.87 0.87 0.87 0.87 0.87 0.88 0.87 0.88 0.88 0.87 0.87 0.87 0.86 0.85 0.85 0.84 0.85 0.84 0.84 0.85 0.85 0.85 0.86 0.87 0.87 0.87 0.86 0.87 0.87 0.87 0.87 0.87 0.88 0.88 0.87 0.88 0.87 0.87 0.88 0.88 0.88
Emberiza calandra,BN05044,Bruant proyer,Corn Bunting,1,0.903,0.869,resident,0.85 0.85 0.86 0.85 0.85 0.85 0.85 0.85 0.85 0.85 0.86 0.88 0.89 0.90 0.90 0.89 0.89 0.89 0.89 0.89 0.89 0.89 0.89 0.88 0.88 0.88 0.88 0.88 0.88 0.88 0.88 0.88 0.88 0.87 0.87 0.86 0.86 0.86 0.87 0.86 0.86 0.86 0.86 0.85 0.85 0.85 0.85 0.85
Tyto alba,BN15560,Effraie des clochers,Western Barn Owl,1,0.886,0.867,resident,0.85 0.85 0.85 0.85 0.85 0.85 0.85 0.85 0.85 0.86 0.86 0.86 0.86 0.86 0.86 0.87 0.87 0.88 0.88 0.88 0.89 0.88 0.88 0.88 0.88 0.88 0.88 0.88 0.88 0.88 0.88 0.88 0.88 0.88 0.88 0.88 0.88 0.87 0.87 0.86 0.86 0.86 0.86 0.85 0.85 0.85 0.85 0.85
Spatula clypeata,BN14030,Canard souchet,Northern Shoveler,1,0.942,0.866,resident,0.88 0.89 0.94 0.89 0.88 0.89 0.89 0.89 0.90 0.91 0.92 0.92 0.92 0.89 0.89 0.88 0.87 0.87 0.86 0.83 0.79 0.77 0.75 0.74 0.74 0.74 0.75 0.76 0.80 0.83 0.86 0.90 0.91 0.91 0.90 0.91 0.92 0.90 0.89 0.90 0.89 0.89 0.89 0.89 0.88 0.88 0.88 0.88
Loxia curvirostra,BN08138,Bec-croisé des sapins,Red Crossbill,1,0.882,0.865,resident,0.86 0.86 0.86 0.86 0.86 0.86 0.86 0.86 0.86 0.86 0.87 0.87 0.87 0.87 0.87 0.87 0.87 0.86 0.86 0.86 0.85 0.85 0.86 0.87 0.87 0.87 0.88 0.87 0.86 0.86 0.87 0.87 0.86 0.86 0.87 0.87 0.88 0.88 0.88 0.88 0.88 0.87 0.87 0.86 0.86 0.86 0.86 0.86
Athene noctua,BN01424,Chevêche d'Athéna,Little Owl,1,0.882,0.864,resident,0.86 0.85 0.85 0.85 0.86 0.86 0.86 0.86 0.86 0.86 0.86 0.86 0.87 0.86 0.87 0.87 0.87 0.87 0.86 0.86 0.86 0.87 0.87 0.86 0.88 0.88 0.88 0.88 0.88 0.88 0.88 0.88 0.88 0.87 0.88 0.88 0.87 0.87 0.86 0.86 0.86 0.86 0.86 0.85 0.85 0.85 0.86 0.86
Ichthyaetus melanocephalus,BN07070,Mouette mélanocéphale,Mediterranean Gull,1,0.976,0.864,resident,0.80 0.80 0.80 0.81 0.81 0.81 0.82 0.84 0.87 0.89 0.92 0.96 0.98 0.97 0.97 0.96 0.90 0.86 0.82 0.80 0.78 0.77 0.77 0.77 0.79 0.81 0.85 0.85 0.89 0.91 0.92 0.92 0.91 0.91 0.91 0.91 0.91 0.91 0.92 0.93 0.92 0.90 0.86 0.82 0.81 0.81 0.80 0.80
Podiceps nigricollis,BN11816,Grèbe à cou noir,Black-necked Grebe,1,0.889,0.863,resident,0.88 0.89 0.89 0.89 0.89 0.88 0.88 0.88 0.88 0.88 0.88 0.88 0.89 0.88 0.89 0.88 0.88 0.86 0.84 0.83 0.82 0.81 0.80 0.79 0.79 0.79 0.80 0.81 0.82 0.84 0.85 0.86 0.87 0.87 0.87 0.88 0.88 0.88 0.88 0.88 0.88 0.88 0.88 0.88 0.88 0.89 0.88 0.88
Sitta europaea,BN13969,Sittelle torchepot,Eurasian Nuthatch,1,0.945,0.863,resident,0.84 0.84 0.85 0.85 0.84 0.85 0.84 0.84 0.85 0.85 0.85 0.86 0.87 0.87 0.87 0.87 0.87 0.87 0.87 0.86 0.87 0.87 0.86 0.87 0.87 0.87 0.87 0.87 0.86 0.86 0.86 0.87 0.87 0.87 0.88 0.89 0.94 0.93 0.88 0.87 0.86 0.85 0.85 0.85 0.84 0.84 0.85 0.84
Vulpes vulpes,BN15821,Renard roux,Red Fox,0,0.874,0.862,resident,0.86 0.86 0.86 0.86 0.86 0.86 0.86 0.86 0.86 0.85 0.86 0.86 0.87 0.87 0.87 0.87 0.87 0.87 0.87 0.87 0.87 0.87 0.87 0.87 0.87 0.87 0.87 0.87 0.86 0.87 0.86 0.86 0.86 0.86 0.86 0.86 0.87 0.86 0.86 0.86 0.86 0.86 0.86 0.86 0.86 0.86 0.86 0.86
Numenius arquata,BN09882,Courlis cendré,Eurasian Curlew,1,0.933,0.862,resident,0.85 0.85 0.89 0.85 0.85 0.85 0.85 0.85 0.86 0.87 0.88 0.90 0.93 0.91 0.90 0.87 0.85 0.83 0.82 0.80 0.80 0.79 0.78 0.81 0.83 0.83 0.84 0.86 0.88 0.90 0.93 0.93 0.93 0.90 0.88 0.86 0.86 0.87 0.88 0.89 0.89 0.88 0.87 0.86 0.85 0.85 0.85 0.85
Strix aluco,BN14366,Chouette hulotte,Tawny Owl,1,0.879,0.86,resident,0.85 0.84 0.85 0.85 0.85 0.85 0.85 0.85 0.85 0.85 0.86 0.86 0.87 0.87 0.87 0.88 0.88 0.88 0.88 0.88 0.87 0.87 0.87 0.87 0.86 0.87 0.87 0.87 0.87 0.87 0.87 0.87 0.87 0.87 0.87 0.87 0.87 0.87 0.86 0.86 0.86 0.85 0.85 0.85 0.85 0.85 0.85 0.85
Picus viridis,BN11502,Pic vert,European Green Woodpecker,1,0.945,0.858,resident,0.84 0.84 0.84 0.84 0.84 0.84 0.84 0.84 0.84 0.84 0.86 0.86 0.86 0.86 0.86 0.86 0.86 0.86 0.86 0.86 0.86 0.86 0.86 0.86 0.87 0.86 0.87 0.87 0.86 0.87 0.87 0.87 0.87 0.87 0.87 0.89 0.94 0.87 0.87 0.86 0.86 0.85 0.85 0.84 0.84 0.84 0.84 0.84
Mareca strepera,BN08405,Canard chipeau,Gadwall,1,0.932,0.858,resident,0.88 0.88 0.93 0.88 0.87 0.87 0.87 0.87 0.87 0.87 0.87 0.88 0.88 0.88 0.88 0.87 0.87 0.86 0.86 0.84 0.83 0.82 0.81 0.81 0.79 0.79 0.79 0.80 0.80 0.81 0.83 0.85 0.86 0.86 0.86 0.87 0.87 0.88 0.88 0.88 0.88 0.88 0.88 0.88 0.87 0.88 0.87 0.88
Lullula arborea,BN08166,Alouette lulu,Woodlark,1,0.876,0.858,resident,0.85 0.85 0.85 0.85 0.85 0.85 0.85 0.86 0.86 0.86 0.87 0.87 0.88 0.87 0.87 0.87 0.87 0.87 0.87 0.86 0.87 0.87 0.86 0.86 0.86 0.86 0.85 0.84 0.84 0.83 0.84 0.84 0.85 0.85 0.86 0.87 0.88 0.88 0.88 0.87 0.87 0.86 0.86 0.85 0.85 0.85 0.85 0.85
Spinus spinus,BN14142,Tarin des aulnes,Eurasian Siskin,1,0.943,0.857,resident,0.88 0.88 0.88 0.88 0.88 0.88 0.88 0.88 0.88 0.89 0.90 0.92 0.94 0.94 0.93 0.91 0.90 0.89 0.88 0.86 0.81 0.78 0.75 0.75 0.72 0.71 0.70 0.71 0.72 0.74 0.77 0.82 0.85 0.87 0.88 0.89 0.93 0.90 0.91 0.90 0.90 0.89 0.89 0.89 0.88 0.88 0.88 0.88
Coccothraustes coccothraustes,BN03381,Gros-bec casse-noyaux,Hawfinch,1,0.879,0.857,resident,0.85 0.85 0.85 0.85 0.85 0.85 0.85 0.85 0.85 0.85 0.86 0.87 0.88 0.88 0.88 0.88 0.88 0.87 0.86 0.86 0.86 0.85 0.85 0.84 0.84 0.84 0.84 0.84 0.84 0.83 0.84 0.85 0.85 0.86 0.87 0.87 0.87 0.88 0.88 0.88 0.87 0.87 0.87 0.86 0.85 0.85 0.85 0.85
Pandion haliaetus,BN10591,Balbuzard pêcheur,Osprey,1,0.999,0.855,resident,0.70 0.69 0.69 0.69 0.70 0.73 0.75 0.78 0.82 0.83 0.85 0.88 0.88 0.89 0.93 0.89 0.90 0.90 0.93 0.89 0.88 0.88 0.87 0.87 0.89 0.87 0.88 0.88 0.89 0.96 0.98 1.00 1.00 1.00 0.99 0.96 0.96 0.92 0.89 0.88 0.86 0.85 0.83 0.79 0.77 0.74 0.71 0.70
Asio otus,BN01346,Hibou moyen-duc,Long-eared Owl,1,0.906,0.852,resident,0.83 0.83 0.83 0.83 0.82 0.83 0.83 0.84 0.84 0.85 0.87 0.88 0.90 0.91 0.89 0.87 0.87 0.87 0.87 0.87 0.87 0.87 0.86 0.87 0.86 0.85 0.85 0.84 0.84 0.84 0.84 0.83 0.83 0.83 0.84 0.84 0.85 0.86 0.88 0.89 0.88 0.84 0.84 0.84 0.82 0.83 0.83 0.83
Aythya fuligula,BN01551,Fuligule morillon,Tufted Duck,1,0.942,0.852,resident,0.88 0.89 0.94 0.93 0.88 0.88 0.88 0.88 0.88 0.87 0.87 0.88 0.88 0.88 0.88 0.88 0.87 0.86 0.85 0.83 0.82 0.81 0.80 0.79 0.79 0.78 0.78 0.78 0.79 0.79 0.79 0.80 0.80 0.81 0.82 0.84 0.86 0.87 0.88 0.88 0.88 0.88 0.88 0.88 0.88 0.88 0.88 0.88
Ciconia ciconia,BN03108,Cigogne blanche,White Stork,1,0.916,0.852,resident,0.83 0.83 0.89 0.83 0.83 0.83 0.83 0.84 0.85 0.85 0.87 0.87 0.88 0.88 0.88 0.88 0.87 0.87 0.86 0.85 0.85 0.85 0.85 0.84 0.85 0.85 0.85 0.85 0.85 0.85 0.87 0.92 0.86 0.86 0.85 0.85 0.85 0.85 0.86 0.87 0.85 0.85 0.84 0.83 0.83 0.83 0.83 0.83
Columba oenas,BN03516,Pigeon colombin,Stock Dove,1,0.923,0.849,resident,0.83 0.84 0.84 0.83 0.83 0.83 0.84 0.84 0.85 0.85 0.86 0.88 0.87 0.86 0.86 0.86 0.86 0.86 0.86 0.84 0.83 0.83 0.82 0.83 0.82 0.82 0.82 0.82 0.82 0.82 0.83 0.83 0.84 0.84 0.86 0.87 0.89 0.92 0.92 0.90 0.90 0.89 0.88 0.85 0.84 0.83 0.84 0.83
Emberiza cirlus,BN05050,Bruant zizi,Cirl Bunting,1,0.871,0.848,resident,0.84 0.84 0.84 0.84 0.84 0.84 0.84 0.85 0.85 0.86 0.86 0.87 0.87 0.86 0.86 0.87 0.87 0.87 0.87 0.87 0.87 0.87 0.86 0.85 0.85 0.85 0.85 0.85 0.84 0.84 0.85 0.85 0.84 0.84 0.85 0.85 0.84 0.83 0.84 0.84 0.84 0.83 0.83 0.83 0.83 0.84 0.84 0.84
Circus cyaneus,BN03240,Busard Saint-Martin,Hen Harrier,1,0.946,0.848,resident,0.88 0.88 0.88 0.88 0.87 0.88 0.88 0.88 0.88 0.88 0.88 0.88 0.88 0.88 0.88 0.88 0.87 0.85 0.81 0.77 0.75 0.74 0.73 0.73 0.73 0.74 0.75 0.76 0.78 0.79 0.81 0.82 0.85 0.87 0.89 0.91 0.95 0.91 0.90 0.90 0.89 0.89 0.89 0.88 0.88 0.88 0.88 0.88
Emberiza citrinella,BN05051,Bruant jaune,Yellowhammer,1,0.869,0.846,resident,0.84 0.84 0.84 0.84 0.84 0.84 0.84 0.84 0.84 0.84 0.85 0.85 0.85 0.85 0.86 0.86 0.87 0.87 0.87 0.87 0.86 0.85 0.85 0.85 0.84 0.83 0.83 0.83 0.83 0.83 0.82 0.83 0.82 0.82 0.83 0.83 0.84 0.86 0.87 0.86 0.87 0.86 0.86 0.85 0.85 0.85 0.85 0.85
Calidris alpina,BN02143,Bécasseau variable,Dunlin,1,0.97,0.845,resident,0.80 0.80 0.85 0.79 0.79 0.79 0.79 0.81 0.84 0.86 0.88 0.90 0.91 0.92 0.92 0.92 0.91 0.86 0.84 0.77 0.73 0.68 0.67 0.66 0.67 0.68 0.74 0.78 0.83 0.87 0.93 0.96 0.96 0.97 0.95 0.93 0.94 0.94 0.93 0.93 0.91 0.90 0.90 0.85 0.84 0.82 0.81 0.81
Tringa totanus,BN15272,Chevalier gambette,Common Redshank,1,0.955,0.843,resident,0.74 0.75 0.79 0.77 0.75 0.77 0.77 0.79 0.82 0.84 0.87 0.91 0.91 0.91 0.90 0.88 0.88 0.88 0.86 0.85 0.86 0.85 0.85 0.85 0.86 0.87 0.88 0.88 0.91 0.93 0.95 0.95 0.94 0.94 0.89 0.88 0.87 0.87 0.86 0.83 0.81 0.79 0.78 0.77 0.75 0.75 0.74 0.74
Pyrrhula pyrrhula,BN12908,Bouvreuil pivoine,Eurasian Bullfinch,1,0.862,0.839,resident,0.85 0.85 0.85 0.85 0.85 0.85 0.85 0.85 0.85 0.85 0.85 0.85 0.85 0.85 0.84 0.84 0.84 0.84 0.84 0.84 0.83 0.83 0.82 0.83 0.82 0.82 0.82 0.81 0.81 0.81 0.81 0.81 0.81 0.81 0.82 0.83 0.85 0.85 0.86 0.86 0.86 0.86 0.86 0.85 0.85 0.85 0.85 0.85
Astur gentilis,BN01392,Autour des palombes,Eurasian Goshawk,1,0.879,0.839,resident,0.82 0.82 0.82 0.82 0.82 0.82 0.82 0.82 0.83 0.83 0.83 0.84 0.85 0.85 0.86 0.86 0.86 0.85 0.84 0.83 0.82 0.81 0.81 0.81 0.80 0.81 0.82 0.83 0.84 0.85 0.86 0.87 0.87 0.87 0.87 0.87 0.88 0.87 0.87 0.87 0.87 0.86 0.85 0.84 0.83 0.82 0.82 0.82
Upupa epops,BN15597,Huppe fasciée,Common Hoopoe,1,0.999,0.838,resident,0.72 0.72 0.73 0.72 0.73 0.74 0.76 0.78 0.82 0.84 0.87 0.88 0.89 0.90 0.90 0.90 0.90 0.89 0.89 0.88 0.88 0.88 0.88 0.89 0.88 0.89 0.90 0.90 0.90 0.96 1.00 1.00 0.90 0.88 0.88 0.87 0.87 0.85 0.82 0.80 0.78 0.76 0.75 0.74 0.73 0.73 0.72 0.72
Tringa nebularia,BN15267,Chevalier aboyeur,Common Greenshank,1,0.982,0.837,resident,0.77 0.76 0.82 0.76 0.76 0.76 0.77 0.78 0.81 0.83 0.85 0.86 0.87 0.87 0.87 0.87 0.87 0.87 0.86 0.85 0.83 0.82 0.81 0.82 0.82 0.83 0.85 0.86 0.88 0.89 0.96 0.98 0.90 0.89 0.88 0.87 0.87 0.86 0.85 0.86 0.85 0.84 0.82 0.81 0.79 0.77 0.77 0.77
Erinaceus europaeus,BN05227,Hérisson commun,Common Hedgehog,0,0.864,0.836,resident,0.80 0.79 0.79 0.78 0.78 0.78 0.78 0.79 0.80 0.82 0.83 0.85 0.85 0.86 0.85 0.86 0.86 0.86 0.86 0.86 0.86 0.86 0.86 0.86 0.86 0.86 0.86 0.86 0.86 0.86 0.86 0.86 0.85 0.85 0.85 0.85 0.86 0.86 0.86 0.86 0.85 0.83 0.83 0.82 0.81 0.80 0.80 0.80
Certhia brachydactyla,BN02659,Grimpereau des jardins,Short-toed Treecreeper,1,0.855,0.836,resident,0.83 0.84 0.85 0.84 0.84 0.84 0.83 0.84 0.83 0.83 0.84 0.85 0.86 0.85 0.85 0.85 0.85 0.85 0.85 0.84 0.84 0.84 0.83 0.83 0.83 0.83 0.83 0.84 0.84 0.83 0.84 0.84 0.83 0.82 0.83 0.83 0.83 0.82 0.83 0.83 0.83 0.83 0.83 0.83 0.83 0.83 0.83 0.83
Meles meles,BN08653,Blaireau européen,European Badger,0,0.854,0.833,resident,0.83 0.83 0.84 0.83 0.84 0.84 0.83 0.84 0.84 0.84 0.84 0.84 0.84 0.84 0.84 0.84 0.84 0.85 0.85 0.85 0.84 0.84 0.84 0.83 0.83 0.83 0.83 0.83 0.83 0.83 0.83 0.83 0.83 0.82 0.83 0.83 0.84 0.84 0.83 0.83 0.82 0.82 0.82 0.82 0.82 0.83 0.82 0.82
Cettia cetti,BN02684,Bouscarle de Cetti,Cetti's Warbler,1,0.911,0.833,resident,0.82 0.82 0.82 0.82 0.81 0.81 0.80 0.81 0.81 0.82 0.84 0.86 0.88 0.89 0.91 0.90 0.90 0.90 0.89 0.87 0.85 0.85 0.84 0.83 0.82 0.81 0.81 0.80 0.80 0.80 0.80 0.81 0.81 0.82 0.82 0.82 0.83 0.82 0.83 0.83 0.83 0.83 0.83 0.83 0.83 0.83 0.83 0.82
Milvus migrans,BN08944,Milan noir,Black Kite,1,0.922,0.831,resident,0.75 0.75 0.75 0.75 0.76 0.76 0.78 0.80 0.81 0.83 0.85 0.86 0.87 0.87 0.87 0.88 0.89 0.88 0.88 0.87 0.87 0.87 0.87 0.86 0.86 0.86 0.87 0.86 0.86 0.87 0.88 0.92 0.88 0.88 0.87 0.87 0.88 0.87 0.86 0.83 0.80 0.78 0.77 0.75 0.73 0.73 0.73 0.74
Sciurus vulgaris,BN13681,Écureuil roux,Eurasian Red Squirrel,0,0.923,0.829,resident,0.82 0.82 0.82 0.81 0.82 0.82 0.82 0.82 0.82 0.82 0.82 0.83 0.83 0.83 0.83 0.84 0.85 0.85 0.84 0.83 0.82 0.82 0.82 0.82 0.82 0.83 0.83 0.83 0.84 0.84 0.84 0.85 0.84 0.84 0.85 0.85 0.92 0.84 0.84 0.84 0.81 0.81 0.81 0.81 0.81 0.81 0.81 0.81
Lophophanes cristatus,BN08067,Mésange huppée,Crested Tit,1,0.847,0.829,resident,0.83 0.84 0.84 0.83 0.83 0.83 0.83 0.82 0.81 0.82 0.82 0.82 0.82 0.83 0.83 0.83 0.83 0.83 0.83 0.82 0.81 0.82 0.82 0.83 0.82 0.83 0.83 0.83 0.83 0.84 0.84 0.84 0.83 0.84 0.84 0.84 0.85 0.83 0.83 0.83 0.83 0.83 0.83 0.84 0.84 0.84 0.84 0.84
Capreolus capreolus,BN02368,Chevreuil européen,Western Roe Deer,0,0.851,0.824,resident,0.82 0.82 0.82 0.82 0.82 0.82 0.82 0.82 0.82 0.81 0.82 0.82 0.83 0.83 0.83 0.83 0.84 0.84 0.85 0.84 0.84 0.84 0.84 0.84 0.83 0.83 0.84 0.84 0.83 0.83 0.83 0.83 0.83 0.82 0.82 0.82 0.83 0.81 0.81 0.81 0.81 0.81 0.81 0.81 0.81 0.82 0.82 0.82
Dryobates minor,BN04757,Pic épeichette,Lesser Spotted Woodpecker,1,0.869,0.822,resident,0.80 0.80 0.81 0.81 0.80 0.81 0.81 0.81 0.81 0.81 0.82 0.82 0.82 0.83 0.84 0.84 0.84 0.84 0.83 0.83 0.83 0.83 0.82 0.82 0.82 0.82 0.82 0.82 0.82 0.82 0.83 0.84 0.84 0.84 0.85 0.85 0.87 0.84 0.83 0.83 0.82 0.81 0.81 0.81 0.80 0.80 0.80 0.80
Charadrius hiaticula,BN02794,Pluvier grand-gravelot,Common Ringed Plover,1,0.977,0.82,resident,0.71 0.71 0.76 0.71 0.71 0.71 0.73 0.75 0.79 0.84 0.88 0.90 0.91 0.90 0.91 0.89 0.90 0.88 0.86 0.82 0.78 0.73 0.71 0.72 0.72 0.74 0.77 0.81 0.89 0.95 0.97 0.98 0.98 0.98 0.97 0.94 0.89 0.87 0.85 0.84 0.82 0.80 0.77 0.75 0.74 0.72 0.71 0.71
Netta rufina,BN09738,Nette rousse,Red-crested Pochard,1,0.848,0.813,resident,0.83 0.83 0.84 0.83 0.83 0.83 0.83 0.82 0.82 0.82 0.83 0.83 0.84 0.85 0.85 0.84 0.85 0.84 0.83 0.81 0.80 0.79 0.78 0.76 0.77 0.76 0.77 0.77 0.77 0.77 0.78 0.78 0.80 0.80 0.81 0.82 0.82 0.83 0.82 0.82 0.82 0.82 0.82 0.82 0.82 0.82 0.82 0.83
Larus canus,BN07544,Goéland cendré,Common Gull,1,0.923,0.81,resident,0.90 0.90 0.92 0.92 0.89 0.87 0.87 0.87 0.86 0.85 0.86 0.88 0.90 0.88 0.87 0.82 0.80 0.75 0.67 0.63 0.65 0.62 0.61 0.62 0.63 0.64 0.67 0.67 0.69 0.72 0.75 0.76 0.78 0.79 0.79 0.79 0.83 0.87 0.90 0.91 0.92 0.91 0.91 0.90 0.90 0.91 0.90 0.90
Delichon urbicum,BN04368,Hirondelle de fenêtre,Western House Martin,1,1.0,0.808,resident,0.50 0.50 0.52 0.56 0.60 0.64 0.71 0.77 0.85 0.87 0.88 0.88 0.89 0.90 0.91 0.91 0.92 0.93 0.98 0.93 0.92 0.91 0.91 0.91 0.90 0.90 0.91 0.91 0.90 0.94 1.00 1.00 0.99 0.97 0.91 0.90 0.93 0.88 0.88 0.88 0.80 0.73 0.65 0.57 0.48 0.46 0.46 0.48
Larus argentatus,BN07537,Goéland argenté,European Herring Gull,1,0.871,0.807,resident,0.86 0.86 0.86 0.84 0.83 0.82 0.82 0.81 0.80 0.80 0.80 0.81 0.85 0.85 0.85 0.83 0.82 0.81 0.80 0.76 0.75 0.72 0.71 0.72 0.71 0.71 0.74 0.73 0.75 0.76 0.77 0.78 0.79 0.78 0.80 0.80 0.82 0.84 0.86 0.87 0.86 0.86 0.87 0.86 0.86 0.86 0.85 0.85
Corvus frugilegus,BN03734,Corbeau freux,Rook,1,0.882,0.803,resident,0.82 0.82 0.83 0.83 0.82 0.83 0.83 0.83 0.84 0.84 0.84 0.86 0.85 0.85 0.82 0.81 0.80 0.79 0.78 0.77 0.77 0.76 0.76 0.77 0.74 0.73 0.73 0.73 0.73 0.73 0.74 0.74 0.75 0.76 0.77 0.79 0.81 0.84 0.88 0.88 0.86 0.85 0.84 0.82 0.82 0.82 0.82 0.82
Anthus spinoletta,BN00942,Pipit spioncelle,Water Pipit,1,0.903,0.797,resident,0.87 0.87 0.90 0.87 0.87 0.88 0.87 0.87 0.87 0.87 0.87 0.87 0.87 0.87 0.87 0.87 0.85 0.84 0.81 0.74 0.67 0.62 0.59 0.57 0.54 0.53 0.53 0.57 0.60 0.63 0.66 0.75 0.80 0.83 0.85 0.86 0.87 0.87 0.87 0.88 0.88 0.88 0.88 0.88 0.87 0.87 0.87 0.87
Cinclus cinclus,BN03152,Cincle plongeur,White-throated Dipper,1,0.866,0.789,resident,0.79 0.80 0.80 0.80 0.80 0.81 0.80 0.81 0.80 0.80 0.80 0.81 0.80 0.80 0.80 0.79 0.79 0.79 0.78 0.77 0.77 0.76 0.75 0.75 0.73 0.72 0.72 0.73 0.73 0.73 0.73 0.74 0.77 0.77 0.79 0.80 0.87 0.85 0.86 0.84 0.83 0.83 0.83 0.82 0.81 0.81 0.80 0.80
Sus scrofa,BN14439,Sanglier,Wild Boar,0,0.814,0.788,resident,0.79 0.78 0.78 0.78 0.78 0.78 0.78 0.78 0.78 0.78 0.78 0.79 0.79 0.80 0.80 0.80 0.80 0.80 0.80 0.79 0.78 0.78 0.78 0.78 0.78 0.78 0.78 0.78 0.78 0.78 0.78 0.78 0.79 0.79 0.80 0.81 0.81 0.81 0.81 0.80 0.79 0.79 0.79 0.79 0.79 0.79 0.79 0.79
Calidris pugnax,BN02156,Combattant varié,Ruff,1,0.94,0.787,resident,0.70 0.70 0.70 0.70 0.70 0.72 0.74 0.77 0.79 0.82 0.84 0.86 0.87 0.87 0.87 0.86 0.85 0.82 0.78 0.74 0.70 0.67 0.66 0.66 0.67 0.71 0.74 0.78 0.80 0.84 0.89 0.94 0.93 0.92 0.90 0.89 0.87 0.86 0.84 0.83 0.81 0.79 0.78 0.75 0.72 0.71 0.69 0.69
Mareca penelope,BN08403,Canard siffleur,Eurasian Wigeon,1,0.959,0.781,resident,0.89 0.89 0.94 0.90 0.89 0.90 0.90 0.91 0.92 0.92 0.91 0.89 0.87 0.85 0.82 0.78 0.76 0.72 0.67 0.61 0.57 0.55 0.53 0.52 0.50 0.50 0.50 0.51 0.53 0.56 0.58 0.63 0.69 0.73 0.79 0.88 0.91 0.94 0.95 0.96 0.93 0.92 0.91 0.89 0.89 0.89 0.89 0.89
Hydrocoloeus minutus,BN06769,Mouette pygmée,Little Gull,1,0.939,0.78,resident,0.81 0.82 0.85 0.83 0.81 0.80 0.80 0.81 0.82 0.82 0.86 0.90 0.92 0.93 0.94 0.92 0.88 0.80 0.71 0.63 0.54 0.50 0.47 0.47 0.47 0.51 0.56 0.60 0.69 0.73 0.77 0.81 0.82 0.84 0.84 0.85 0.86 0.87 0.88 0.89 0.91 0.91 0.90 0.83 0.82 0.84 0.82 0.81
Anas acuta,BN00691,Canard pilet,Northern Pintail,1,0.943,0.78,resident,0.88 0.89 0.94 0.90 0.88 0.88 0.88 0.88 0.88 0.87 0.87 0.87 0.86 0.85 0.83 0.78 0.75 0.70 0.64 0.58 0.55 0.52 0.50 0.50 0.50 0.52 0.53 0.56 0.59 0.62 0.68 0.75 0.79 0.81 0.84 0.87 0.89 0.89 0.89 0.89 0.89 0.89 0.90 0.89 0.88 0.88 0.88 0.88
Grus grus,BN06197,Grue cendrée,Common Crane,1,0.903,0.776,resident,0.85 0.85 0.90 0.84 0.84 0.84 0.84 0.84 0.84 0.84 0.85 0.85 0.85 0.83 0.82 0.80 0.78 0.76 0.70 0.66 0.63 0.61 0.61 0.59 0.58 0.58 0.59 0.60 0.62 0.64 0.68 0.72 0.77 0.78 0.80 0.81 0.84 0.86 0.86 0.86 0.86 0.86 0.86 0.85 0.85 0.85 0.85 0.85
Motacilla flava,BN09130,Bergeronnette printanière,Western Yellow Wagtail,1,1.0,0.772,mixed,0.32 0.30 0.30 0.32 0.36 0.42 0.51 0.63 0.77 0.82 0.86 0.89 0.91 0.96 0.99 0.98 1.00 1.00 1.00 0.91 0.89 0.89 0.88 0.89 0.88 0.88 0.89 0.89 0.90 0.97 1.00 1.00 1.00 1.00 1.00 1.00 1.00 1.00 0.98 0.89 0.81 0.71 0.61 0.49 0.40 0.34 0.32 0.31
Platalea leucorodia,BN11624,Spatule blanche,Eurasian Spoonbill,1,0.839,0.771,resident,0.70 0.70 0.70 0.70 0.70 0.71 0.72 0.72 0.75 0.77 0.78 0.81 0.83 0.84 0.84 0.84 0.84 0.84 0.83 0.82 0.80 0.79 0.78 0.77 0.76 0.76 0.76 0.77 0.78 0.78 0.79 0.80 0.81 0.81 0.81 0.81 0.81 0.81 0.80 0.79 0.77 0.75 0.73 0.72 0.70 0.70 0.70 0.70
Nycticorax nycticorax,BN09921,Bihoreau gris,Black-crowned Night Heron,1,0.94,0.769,resident,0.64 0.64 0.64 0.63 0.62 0.62 0.62 0.63 0.66 0.69 0.74 0.79 0.83 0.84 0.86 0.86 0.85 0.85 0.85 0.85 0.85 0.84 0.84 0.84 0.84 0.84 0.84 0.85 0.87 0.88 0.93 0.94 0.87 0.86 0.84 0.82 0.81 0.79 0.79 0.75 0.72 0.69 0.67 0.66 0.65 0.64 0.64 0.63
Poecile palustris,BN11836,Mésange nonnette,Marsh Tit,1,0.855,0.767,resident,0.75 0.76 0.76 0.76 0.76 0.76 0.75 0.75 0.75 0.75 0.76 0.76 0.76 0.76 0.76 0.76 0.76 0.77 0.76 0.75 0.76 0.76 0.76 0.76 0.76 0.77 0.77 0.77 0.78 0.78 0.78 0.78 0.78 0.78 0.78 0.79 0.86 0.79 0.78 0.78 0.77 0.77 0.76 0.76 0.76 0.76 0.76 0.76
Asio flammeus,BN01343,Hibou des marais,Short-eared Owl,1,0.906,0.763,resident,0.81 0.81 0.81 0.80 0.80 0.80 0.80 0.80 0.80 0.80 0.81 0.82 0.82 0.84 0.84 0.78 0.76 0.73 0.71 0.67 0.66 0.65 0.64 0.64 0.62 0.62 0.61 0.61 0.60 0.61 0.69 0.74 0.77 0.79 0.80 0.80 0.83 0.85 0.86 0.91 0.84 0.83 0.83 0.81 0.81 0.81 0.81 0.81
Perdix perdix,BN10900,Perdrix grise,Grey Partridge,1,0.787,0.757,resident,0.77 0.77 0.77 0.77 0.77 0.77 0.77 0.77 0.77 0.77 0.77 0.78 0.78 0.79 0.79 0.78 0.77 0.77 0.75 0.74 0.73 0.72 0.72 0.71 0.71 0.71 0.72 0.72 0.72 0.72 0.73 0.74 0.75 0.75 0.76 0.78 0.78 0.77 0.77 0.77 0.76 0.76 0.76 0.76 0.76 0.76 0.77 0.77
Alectoris rufa,BN00401,Perdrix rouge,Red-legged Partridge,1,0.771,0.756,resident,0.76 0.75 0.75 0.75 0.75 0.75 0.76 0.76 0.77 0.77 0.76 0.76 0.76 0.76 0.76 0.76 0.76 0.77 0.77 0.76 0.76 0.75 0.75 0.74 0.75 0.74 0.74 0.74 0.74 0.74 0.74 0.73 0.74 0.74 0.75 0.76 0.77 0.77 0.77 0.77 0.77 0.76 0.76 0.76 0.76 0.76 0.76 0.76
Scolopax rusticola,BN13720,Bécasse des bois,Eurasian Woodcock,1,0.936,0.754,resident,0.87 0.87 0.88 0.87 0.86 0.86 0.86 0.86 0.88 0.88 0.90 0.89 0.87 0.85 0.83 0.79 0.75 0.72 0.68 0.64 0.62 0.60 0.57 0.56 0.53 0.51 0.48 0.47 0.46 0.46 0.46 0.49 0.56 0.61 0.68 0.75 0.81 0.89 0.93 0.93 0.94 0.93 0.93 0.91 0.89 0.89 0.88 0.88
Alopochen aegyptiaca,BN00461,Ouette d'Égypte,Egyptian Goose,1,0.79,0.753,resident,0.78 0.78 0.79 0.79 0.78 0.78 0.78 0.78 0.77 0.77 0.76 0.78 0.78 0.79 0.79 0.78 0.78 0.77 0.76 0.74 0.73 0.72 0.71 0.70 0.70 0.70 0.70 0.70 0.70 0.71 0.71 0.72 0.72 0.72 0.72 0.72 0.73 0.74 0.75 0.77 0.78 0.79 0.78 0.77 0.77 0.78 0.78 0.78
Certhia familiaris,BN02661,Grimpereau des bois,Eurasian Treecreeper,1,0.798,0.752,resident,0.74 0.74 0.75 0.74 0.75 0.75 0.75 0.75 0.75 0.75 0.76 0.76 0.76 0.76 0.76 0.76 0.77 0.76 0.77 0.76 0.75 0.75 0.75 0.75 0.74 0.74 0.75 0.74 0.73 0.74 0.74 0.74 0.74 0.73 0.74 0.75 0.80 0.78 0.78 0.78 0.77 0.76 0.76 0.75 0.75 0.74 0.75 0.74
Oenanthe oenanthe,BN10095,Traquet motteux,Northern Wheatear,1,1.0,0.751,mixed,0.24 0.22 0.22 0.24 0.28 0.32 0.40 0.52 0.69 0.82 0.88 0.89 0.92 0.96 0.98 0.98 1.00 0.99 0.96 0.90 0.89 0.89 0.89 0.89 0.88 0.88 0.89 0.89 0.90 0.91 1.00 1.00 1.00 1.00 1.00 1.00 1.00 1.00 0.99 0.92 0.81 0.67 0.59 0.47 0.36 0.32 0.28 0.25
Turdus pilaris,BN15466,Grive litorne,Fieldfare,1,0.984,0.75,resident,0.87 0.87 0.87 0.87 0.87 0.87 0.86 0.86 0.87 0.87 0.88 0.91 0.89 0.87 0.85 0.79 0.71 0.65 0.60 0.54 0.53 0.53 0.51 0.51 0.50 0.50 0.49 0.49 0.51 0.52 0.53 0.56 0.57 0.60 0.65 0.74 0.85 0.91 0.97 0.98 0.94 0.93 0.93 0.90 0.88 0.88 0.88 0.87
Galerida cristata,BN05770,Cochevis huppé,Crested Lark,1,0.783,0.747,resident,0.77 0.77 0.76 0.76 0.76 0.76 0.76 0.75 0.75 0.75 0.75 0.76 0.76 0.77 0.77 0.78 0.78 0.78 0.77 0.76 0.76 0.76 0.75 0.74 0.73 0.72 0.72 0.72 0.71 0.72 0.72 0.72 0.72 0.71 0.72 0.72 0.72 0.73 0.74 0.74 0.74 0.75 0.75 0.76 0.76 0.76 0.76 0.76
Phylloscopus trochilus,BN11390,Pouillot fitis,Willow Warbler,1,1.0,0.743,mixed,0.19 0.18 0.17 0.19 0.22 0.29 0.38 0.54 0.77 0.85 0.88 0.89 0.93 0.98 0.98 0.99 1.00 0.97 0.91 0.90 0.89 0.88 0.88 0.87 0.87 0.87 0.91 0.91 0.93 0.98 1.00 1.00 1.00 1.00 1.00 1.00 1.00 1.00 0.97 0.89 0.86 0.75 0.61 0.43 0.31 0.24 0.21 0.20
Thinornis dubius,BN14952,Pluvier petit-gravelot,Little Ringed Plover,1,0.977,0.737,mixed,0.42 0.42 0.42 0.43 0.47 0.50 0.56 0.64 0.73 0.80 0.83 0.87 0.88 0.88 0.89 0.89 0.90 0.89 0.89 0.88 0.88 0.87 0.87 0.87 0.87 0.87 0.87 0.87 0.87 0.87 0.89 0.96 0.96 0.98 0.89 0.87 0.85 0.83 0.77 0.69 0.61 0.56 0.53 0.48 0.42 0.41 0.40 0.41
Corvus cornix,BN03726,Corneille mantelée,Hooded Crow,1,0.859,0.736,resident,0.82 0.82 0.81 0.81 0.81 0.80 0.79 0.79 0.78 0.78 0.77 0.78 0.76 0.76 0.73 0.71 0.70 0.69 0.70 0.67 0.64 0.62 0.61 0.62 0.59 0.59 0.59 0.59 0.62 0.63 0.64 0.66 0.66 0.68 0.70 0.72 0.76 0.78 0.81 0.83 0.86 0.85 0.86 0.83 0.83 0.82 0.82 0.82
Aix galericulata,BN00352,Canard mandarin,Mandarin Duck,1,0.781,0.733,resident,0.77 0.77 0.77 0.77 0.77 0.76 0.76 0.76 0.76 0.76 0.77 0.77 0.77 0.77 0.77 0.76 0.75 0.74 0.72 0.69 0.65 0.65 0.65 0.64 0.63 0.63 0.63 0.63 0.65 0.67 0.68 0.70 0.72 0.73 0.74 0.75 0.76 0.77 0.77 0.78 0.78 0.78 0.77 0.77 0.77 0.77 0.77 0.77
Rana temporaria,BN13049,Grenouille rousse,European Common Frog,0,0.751,0.729,resident,0.68 0.68 0.68 0.68 0.69 0.70 0.70 0.72 0.73 0.74 0.75 0.75 0.75 0.75 0.75 0.75 0.74 0.74 0.74 0.74 0.74 0.74 0.74 0.74 0.74 0.75 0.75 0.75 0.75 0.75 0.75 0.75 0.75 0.74 0.75 0.75 0.75 0.75 0.74 0.73 0.73 0.72 0.71 0.70 0.69 0.69 0.69 0.68
Bufo bufo,BN01969,Crapaud commun,European Toad,0,0.825,0.727,resident,0.65 0.66 0.66 0.66 0.66 0.68 0.69 0.71 0.73 0.73 0.74 0.75 0.75 0.75 0.76 0.75 0.75 0.75 0.75 0.75 0.75 0.75 0.75 0.76 0.76 0.76 0.77 0.76 0.76 0.76 0.76 0.76 0.76 0.75 0.76 0.76 0.83 0.75 0.74 0.73 0.72 0.71 0.69 0.67 0.66 0.66 0.65 0.65
Tringa erythropus,BN15261,Chevalier arlequin,Spotted Redshank,1,0.828,0.726,resident,0.67 0.65 0.64 0.63 0.62 0.62 0.62 0.64 0.68 0.71 0.76 0.79 0.81 0.81 0.81 0.81 0.80 0.78 0.74 0.69 0.66 0.63 0.62 0.63 0.64 0.65 0.67 0.71 0.74 0.77 0.79 0.80 0.82 0.82 0.83 0.83 0.82 0.82 0.81 0.81 0.79 0.75 0.73 0.71 0.69 0.68 0.67 0.66
Cervus elaphus,BN02678,Cerf élaphe,Red Deer,0,0.747,0.722,resident,0.72 0.73 0.73 0.72 0.73 0.73 0.73 0.73 0.74 0.74 0.74 0.75 0.74 0.73 0.73 0.72 0.71 0.70 0.71 0.70 0.69 0.69 0.69 0.69 0.69 0.69 0.69 0.70 0.72 0.73 0.73 0.73 0.73 0.73 0.73 0.73 0.74 0.74 0.74 0.74 0.74 0.73 0.73 0.72 0.71 0.72 0.72 0.71
Cisticola juncidis,BN03290,Cisticole des joncs,Zitting Cisticola,1,0.797,0.719,resident,0.68 0.67 0.67 0.67 0.66 0.66 0.65 0.65 0.65 0.66 0.69 0.70 0.73 0.75 0.76 0.77 0.79 0.80 0.78 0.77 0.77 0.77 0.76 0.75 0.75 0.75 0.75 0.75 0.74 0.74 0.74 0.74 0.73 0.73 0.72 0.72 0.71 0.71 0.71 0.72 0.72 0.71 0.71 0.70 0.70 0.69 0.69 0.68
Pluvialis apricaria,BN11796,Pluvier doré,European Golden Plover,1,0.943,0.717,mixed,0.86 0.87 0.91 0.91 0.86 0.88 0.86 0.86 0.86 0.85 0.86 0.86 0.85 0.82 0.76 0.65 0.61 0.55 0.47 0.38 0.33 0.31 0.30 0.31 0.31 0.32 0.36 0.43 0.49 0.57 0.65 0.71 0.76 0.83 0.84 0.85 0.85 0.90 0.94 0.91 0.88 0.88 0.87 0.86 0.85 0.86 0.86 0.86
Phoenicurus phoenicurus,BN11204,Rougequeue à front blanc,Common Redstart,1,1.0,0.71,summer,0.15 0.13 0.13 0.13 0.15 0.18 0.23 0.35 0.58 0.77 0.85 0.88 0.91 0.96 0.96 0.97 0.99 0.95 0.94 0.90 0.89 0.89 0.88 0.88 0.87 0.88 0.88 0.88 0.89 0.90 0.94 1.00 1.00 1.00 1.00 1.00 1.00 1.00 1.00 0.93 0.86 0.71 0.54 0.38 0.25 0.19 0.16 0.15
Spatula querquedula,BN14036,Sarcelle d'été,Garganey,1,0.893,0.71,resident,0.40 0.41 0.43 0.46 0.51 0.55 0.62 0.70 0.76 0.80 0.85 0.88 0.89 0.89 0.89 0.88 0.88 0.88 0.85 0.81 0.77 0.74 0.72 0.70 0.71 0.72 0.74 0.75 0.79 0.82 0.84 0.86 0.86 0.85 0.85 0.85 0.83 0.81 0.79 0.77 0.66 0.59 0.54 0.49 0.44 0.41 0.40 0.41
Falco columbarius,BN05536,Faucon émerillon,Merlin,1,0.973,0.71,mixed,0.87 0.87 0.87 0.87 0.87 0.87 0.87 0.86 0.87 0.87 0.88 0.88 0.90 0.88 0.85 0.80 0.73 0.60 0.49 0.37 0.29 0.24 0.21 0.21 0.20 0.21 0.23 0.28 0.33 0.39 0.47 0.63 0.74 0.79 0.88 0.92 0.94 0.95 0.97 0.95 0.93 0.92 0.92 0.89 0.88 0.88 0.88 0.88
Recurvirostra avosetta,BN13115,Avocette élégante,Pied Avocet,1,0.837,0.705,resident,0.65 0.66 0.66 0.66 0.66 0.66 0.67 0.69 0.72 0.74 0.78 0.82 0.84 0.83 0.83 0.82 0.81 0.79 0.76 0.71 0.69 0.68 0.66 0.66 0.65 0.65 0.66 0.68 0.68 0.70 0.71 0.72 0.73 0.73 0.72 0.72 0.70 0.70 0.70 0.70 0.68 0.67 0.66 0.66 0.65 0.64 0.64 0.65
Tadorna ferruginea,BN14644,Tadorne casarca,Ruddy Shelduck,1,0.764,0.705,resident,0.74 0.75 0.75 0.74 0.74 0.74 0.74 0.74 0.74 0.74 0.75 0.76 0.76 0.76 0.76 0.76 0.76 0.76 0.73 0.70 0.67 0.65 0.63 0.61 0.60 0.59 0.59 0.60 0.61 0.64 0.66 0.67 0.68 0.67 0.68 0.69 0.70 0.71 0.72 0.72 0.72 0.73 0.73 0.72 0.72 0.73 0.73 0.73
Ciconia nigra,BN03112,Cigogne noire,Black Stork,1,0.821,0.696,resident,0.52 0.51 0.52 0.54 0.55 0.57 0.59 0.61 0.64 0.66 0.69 0.73 0.75 0.79 0.80 0.81 0.82 0.81 0.80 0.79 0.78 0.77 0.77 0.75 0.76 0.76 0.76 0.76 0.76 0.78 0.79 0.79 0.80 0.79 0.79 0.78 0.77 0.75 0.73 0.70 0.65 0.62 0.60 0.57 0.54 0.53 0.52 0.52
Riparia riparia,BN13384,Hirondelle de rivage,Sand Martin,1,1.0,0.695,mixed,0.18 0.18 0.19 0.19 0.21 0.26 0.31 0.38 0.56 0.69 0.81 0.87 0.96 0.99 0.98 0.94 0.97 0.93 0.92 0.90 0.90 0.89 0.89 0.89 0.89 0.89 0.91 0.92 0.97 0.98 1.00 1.00 1.00 1.00 1.00 0.92 0.90 0.87 0.83 0.74 0.61 0.46 0.37 0.28 0.22 0.20 0.19 0.19
Lanius excubitor,BN07510,Pie-grièche grise,Great Grey Shrike,1,0.854,0.69,resident,0.81 0.81 0.81 0.80 0.80 0.80 0.79 0.78 0.76 0.76 0.75 0.73 0.68 0.65 0.62 0.59 0.56 0.52 0.49 0.44 0.42 0.41 0.42 0.43 0.44 0.46 0.50 0.55 0.58 0.60 0.64 0.68 0.71 0.73 0.76 0.78 0.85 0.85 0.85 0.85 0.84 0.84 0.84 0.83 0.83 0.82 0.82 0.82
Bubo bubo,BN01939,Grand-duc d'Europe,Eurasian Eagle-Owl,1,0.72,0.688,resident,0.71 0.71 0.71 0.70 0.70 0.70 0.70 0.69 0.69 0.69 0.69 0.69 0.70 0.71 0.71 0.71 0.70 0.69 0.66 0.65 0.64 0.63 0.63 0.64 0.64 0.64 0.64 0.65 0.65 0.67 0.68 0.68 0.69 0.69 0.71 0.72 0.72 0.71 0.71 0.71 0.71 0.71 0.71 0.71 0.71 0.71 0.71 0.71
Branta canadensis,BN01898,Bernache du Canada,Canada Goose,1,0.713,0.685,resident,0.69 0.70 0.69 0.69 0.69 0.69 0.69 0.69 0.68 0.68 0.68 0.68 0.68 0.68 0.68 0.69 0.70 0.70 0.70 0.69 0.69 0.68 0.68 0.67 0.66 0.66 0.66 0.66 0.65 0.66 0.66 0.67 0.67 0.67 0.68 0.68 0.69 0.70 0.71 0.71 0.71 0.71 0.71 0.70 0.69 0.70 0.70 0.69
Cairina moschata,BN02111,Canard musqué,Muscovy Duck,1,0.753,0.682,resident,0.75 0.75 0.75 0.75 0.75 0.75 0.74 0.74 0.74 0.74 0.74 0.74 0.72 0.70 0.67 0.65 0.62 0.60 0.58 0.56 0.55 0.54 0.55 0.54 0.54 0.54 0.56 0.58 0.60 0.62 0.63 0.65 0.69 0.70 0.72 0.74 0.75 0.74 0.74 0.75 0.75 0.75 0.75 0.75 0.74 0.74 0.74 0.74
Acrocephalus scirpaceus,BN00100,Rousserolle effarvatte,Common Reed Warbler,1,1.0,0.679,summer,0.16 0.15 0.15 0.15 0.16 0.17 0.18 0.24 0.37 0.50 0.67 0.82 0.87 0.97 0.99 0.96 1.00 1.00 0.99 0.91 0.90 0.89 0.89 0.90 0.89 0.89 0.93 0.92 0.94 0.98 1.00 1.00 1.00 1.00 0.99 0.98 0.98 0.96 0.91 0.79 0.62 0.48 0.39 0.26 0.19 0.18 0.17 0.16
Limosa limosa,BN07914,Barge à queue noire,Black-tailed Godwit,1,0.821,0.677,resident,0.59 0.59 0.63 0.60 0.60 0.61 0.62 0.64 0.69 0.72 0.77 0.81 0.82 0.82 0.81 0.79 0.76 0.73 0.70 0.64 0.62 0.60 0.59 0.60 0.60 0.61 0.63 0.66 0.68 0.71 0.75 0.79 0.79 0.79 0.77 0.77 0.74 0.71 0.68 0.67 0.63 0.62 0.61 0.60 0.59 0.59 0.59 0.59
Coturnix coturnix,BN03812,Caille des blés,Common Quail,1,0.983,0.67,mixed,0.31 0.29 0.28 0.28 0.28 0.28 0.30 0.34 0.41 0.47 0.57 0.74 0.83 0.86 0.88 0.88 0.88 0.88 0.88 0.88 0.88 0.88 0.88 0.88 0.88 0.88 0.88 0.88 0.88 0.88 0.90 0.98 0.90 0.89 0.88 0.87 0.86 0.82 0.78 0.70 0.60 0.52 0.47 0.40 0.34 0.32 0.31 0.31
Tringa glareola,BN15263,Chevalier sylvain,Wood Sandpiper,1,0.982,0.669,mixed,0.30 0.29 0.29 0.29 0.30 0.32 0.36 0.43 0.58 0.68 0.75 0.81 0.85 0.86 0.87 0.87 0.87 0.86 0.84 0.82 0.78 0.76 0.76 0.76 0.78 0.80 0.82 0.84 0.85 0.88 0.97 0.98 0.95 0.91 0.87 0.86 0.83 0.80 0.77 0.70 0.62 0.53 0.47 0.38 0.33 0.31 0.29 0.30
Aythya nyroca,BN01555,Fuligule nyroca,Ferruginous Duck,1,0.783,0.668,resident,0.77 0.78 0.77 0.76 0.77 0.76 0.76 0.77 0.77 0.77 0.78 0.78 0.77 0.75 0.72 0.68 0.66 0.62 0.57 0.51 0.48 0.45 0.44 0.43 0.43 0.43 0.45 0.46 0.50 0.53 0.55 0.59 0.63 0.66 0.67 0.71 0.72 0.74 0.76 0.77 0.77 0.76 0.77 0.76 0.77 0.77 0.77 0.77
Lutra lutra,BN08176,Loutre d'Europe,Eurasian Otter,0,0.791,0.662,resident,0.79 0.79 0.79 0.79 0.79 0.78 0.78 0.78 0.77 0.75 0.73 0.71 0.67 0.65 0.62 0.59 0.54 0.52 0.51 0.48 0.46 0.45 0.45 0.44 0.43 0.43 0.45 0.46 0.48 0.54 0.60 0.64 0.68 0.71 0.73 0.74 0.76 0.76 0.77 0.76 0.77 0.78 0.78 0.78 0.78 0.78 0.78 0.78
Sterna hirundo,BN14274,Sterne pierregarin,Common Tern,1,0.989,0.662,mixed,0.21 0.20 0.19 0.19 0.19 0.20 0.21 0.25 0.31 0.37 0.47 0.70 0.86 0.92 0.96 0.97 0.98 0.99 0.99 0.99 0.99 0.99 0.97 0.98 0.96 0.97 0.98 0.96 0.96 0.97 0.97 0.96 0.94 0.93 0.91 0.87 0.81 0.76 0.70 0.64 0.50 0.37 0.33 0.29 0.25 0.23 0.22 0.21
Burhinus oedicnemus,BN01997,Oedicnème criard,Eurasian Stone-curlew,1,0.814,0.661,resident,0.45 0.44 0.44 0.46 0.47 0.48 0.51 0.54 0.60 0.63 0.66 0.70 0.73 0.75 0.76 0.78 0.79 0.81 0.81 0.81 0.80 0.81 0.80 0.79 0.80 0.80 0.80 0.80 0.79 0.79 0.79 0.78 0.76 0.74 0.73 0.72 0.70 0.67 0.65 0.62 0.57 0.54 0.51 0.48 0.46 0.45 0.45 0.45
Haematopus ostralegus,BN06340,Huîtrier pie,Eurasian Oystercatcher,1,0.821,0.66,resident,0.55 0.55 0.58 0.56 0.56 0.57 0.59 0.62 0.67 0.71 0.76 0.80 0.82 0.82 0.81 0.78 0.76 0.74 0.72 0.68 0.67 0.66 0.64 0.65 0.64 0.64 0.66 0.66 0.68 0.71 0.74 0.74 0.75 0.75 0.70 0.67 0.64 0.64 0.63 0.63 0.61 0.59 0.58 0.57 0.56 0.55 0.54 0.54
Dryocopus martius,BN04765,Pic noir,Black Woodpecker,1,0.688,0.658,resident,0.67 0.68 0.68 0.69 0.68 0.67 0.67 0.67 0.67 0.67 0.67 0.67 0.67 0.68 0.68 0.69 0.69 0.68 0.67 0.66 0.65 0.64 0.64 0.63 0.63 0.63 0.63 0.63 0.63 0.63 0.63 0.63 0.64 0.64 0.65 0.65 0.67 0.66 0.66 0.66 0.65 0.65 0.65 0.66 0.66 0.66 0.67 0.67
Remiz pendulinus,BN13131,Rémiz penduline,Eurasian Penduline Tit,1,0.74,0.657,resident,0.67 0.67 0.66 0.66 0.65 0.65 0.65 0.66 0.66 0.68 0.70 0.72 0.74 0.74 0.73 0.72 0.71 0.69 0.67 0.64 0.62 0.61 0.59 0.58 0.56 0.55 0.55 0.55 0.56 0.57 0.58 0.59 0.61 0.63 0.65 0.67 0.70 0.72 0.72 0.72 0.71 0.70 0.70 0.69 0.68 0.68 0.68 0.68
Mergus merganser,BN08743,Grand Harle,Common Merganser,1,0.763,0.653,resident,0.76 0.76 0.76 0.76 0.75 0.75 0.75 0.75 0.74 0.73 0.73 0.72 0.71 0.69 0.66 0.63 0.60 0.58 0.57 0.56 0.56 0.55 0.55 0.55 0.53 0.52 0.52 0.52 0.53 0.53 0.52 0.53 0.54 0.55 0.59 0.62 0.64 0.67 0.70 0.71 0.73 0.73 0.74 0.75 0.76 0.75 0.76 0.76
Calidris minuta,BN02153,Bécasseau minute,Little Stint,1,0.939,0.651,resident,0.52 0.51 0.48 0.47 0.46 0.45 0.45 0.45 0.47 0.49 0.52 0.58 0.67 0.73 0.78 0.79 0.80 0.79 0.73 0.67 0.59 0.54 0.53 0.53 0.56 0.62 0.66 0.72 0.78 0.87 0.93 0.94 0.93 0.94 0.84 0.82 0.81 0.78 0.74 0.69 0.66 0.63 0.60 0.58 0.55 0.54 0.52 0.52
Turdus torquatus,BN15491,Merle à plastron,Ring Ouzel,1,0.919,0.651,mixed,0.64 0.61 0.61 0.60 0.60 0.62 0.64 0.70 0.75 0.79 0.84 0.84 0.84 0.84 0.81 0.77 0.73 0.69 0.63 0.55 0.52 0.49 0.47 0.45 0.41 0.39 0.37 0.36 0.36 0.36 0.37 0.42 0.49 0.54 0.68 0.79 0.86 0.90 0.92 0.89 0.88 0.84 0.82 0.79 0.73 0.71 0.70 0.66
Jynx torquilla,BN07294,Torcol fourmilier,Eurasian Wryneck,1,0.908,0.649,mixed,0.21 0.20 0.21 0.22 0.24 0.26 0.31 0.39 0.53 0.63 0.74 0.83 0.87 0.89 0.89 0.89 0.89 0.88 0.88 0.87 0.87 0.86 0.85 0.84 0.83 0.84 0.85 0.86 0.87 0.87 0.88 0.91 0.89 0.89 0.88 0.88 0.88 0.84 0.74 0.65 0.50 0.39 0.33 0.27 0.23 0.21 0.20 0.21
Turdus iliacus,BN15428,Grive mauvis,Redwing,1,1.0,0.648,winter,0.89 0.88 0.92 0.88 0.88 0.88 0.88 0.88 0.88 0.89 0.91 0.93 0.92 0.90 0.84 0.75 0.61 0.49 0.39 0.32 0.28 0.24 0.20 0.19 0.15 0.13 0.13 0.12 0.12 0.12 0.14 0.19 0.25 0.37 0.55 0.75 0.86 0.97 1.00 1.00 0.98 0.95 0.95 0.92 0.91 0.91 0.90 0.89
Pluvialis squatarola,BN11799,Pluvier argenté,Grey Plover,1,0.876,0.646,mixed,0.65 0.64 0.63 0.61 0.59 0.57 0.56 0.56 0.56 0.57 0.59 0.61 0.64 0.67 0.70 0.70 0.71 0.69 0.62 0.53 0.45 0.41 0.40 0.38 0.39 0.41 0.44 0.50 0.58 0.70 0.79 0.83 0.85 0.88 0.83 0.82 0.82 0.81 0.80 0.80 0.78 0.77 0.75 0.72 0.71 0.69 0.68 0.66
Psittacula krameri,BN12500,Perruche à collier,Rose-ringed Parakeet,1,0.689,0.646,resident,0.68 0.68 0.67 0.67 0.67 0.66 0.65 0.64 0.63 0.63 0.63 0.64 0.66 0.67 0.67 0.67 0.67 0.65 0.61 0.59 0.57 0.56 0.56 0.55 0.56 0.56 0.58 0.60 0.62 0.62 0.64 0.65 0.66 0.66 0.67 0.68 0.68 0.68 0.68 0.69 0.69 0.69 0.68 0.68 0.68 0.68 0.69 0.68
Saxicola rubetra,BN13561,Tarier des prés,Whinchat,1,0.982,0.645,summer,0.13 0.12 0.12 0.12 0.12 0.14 0.16 0.21 0.37 0.55 0.74 0.86 0.88 0.89 0.89 0.91 0.91 0.91 0.90 0.89 0.88 0.87 0.86 0.85 0.84 0.84 0.86 0.87 0.88 0.90 0.93 0.98 0.95 0.94 0.92 0.91 0.92 0.89 0.88 0.85 0.68 0.50 0.36 0.22 0.16 0.14 0.13 0.13
Apus apus,BN01087,Martinet noir,Common Swift,1,1.0,0.644,summer,0.10 0.10 0.10 0.11 0.11 0.13 0.17 0.25 0.48 0.68 0.81 0.89 0.97 1.00 0.98 0.96 0.93 0.93 0.93 0.92 0.97 0.99 0.98 0.99 0.99 1.00 1.00 0.99 0.99 1.00 1.00 1.00 1.00 0.96 0.90 0.89 0.88 0.75 0.62 0.44 0.23 0.15 0.13 0.11 0.10 0.10 0.10 0.10
Streptopelia turtur,BN14355,Tourterelle des bois,European Turtle Dove,1,1.0,0.643,summer,0.11 0.11 0.11 0.11 0.11 0.12 0.14 0.18 0.27 0.43 0.59 0.75 0.85 0.89 0.92 0.92 1.00 1.00 1.00 0.95 0.92 0.90 0.91 0.91 0.90 0.90 0.93 0.92 0.93 0.98 1.00 1.00 1.00 1.00 1.00 0.97 0.97 0.94 0.86 0.71 0.48 0.29 0.23 0.16 0.13 0.12 0.12 0.11
Anthus trivialis,BN00945,Pipit des arbres,Tree Pipit,1,0.999,0.641,summer,0.08 0.08 0.08 0.08 0.08 0.10 0.13 0.21 0.45 0.67 0.83 0.87 0.88 0.89 0.89 0.89 0.90 0.89 0.89 0.89 0.88 0.88 0.87 0.87 0.86 0.87 0.87 0.88 0.92 0.97 0.99 1.00 0.98 0.97 0.92 0.90 0.90 0.89 0.88 0.85 0.66 0.39 0.26 0.14 0.10 0.09 0.08 0.08
Plegadis falcinellus,BN11703,Ibis falcinelle,Glossy Ibis,1,0.822,0.64,resident,0.53 0.53 0.53 0.51 0.52 0.52 0.51 0.54 0.57 0.61 0.67 0.74 0.77 0.80 0.82 0.82 0.82 0.81 0.79 0.72 0.68 0.65 0.64 0.62 0.62 0.62 0.62 0.63 0.64 0.65 0.66 0.67 0.68 0.68 0.68 0.68 0.67 0.66 0.65 0.64 0.62 0.59 0.59 0.58 0.57 0.55 0.54 0.54
Botaurus stellaris,BN01829,Butor étoilé,Eurasian Bittern,1,0.766,0.634,resident,0.76 0.77 0.77 0.76 0.76 0.75 0.75 0.75 0.75 0.75 0.75 0.76 0.76 0.75 0.74 0.73 0.72 0.70 0.65 0.59 0.56 0.52 0.49 0.46 0.44 0.42 0.40 0.39 0.38 0.38 0.38 0.41 0.43 0.45 0.50 0.54 0.59 0.64 0.67 0.70 0.72 0.73 0.75 0.74 0.75 0.76 0.76 0.76
Himantopus himantopus,BN06642,Échasse blanche,Black-winged Stilt,1,0.851,0.63,mixed,0.39 0.38 0.39 0.40 0.41 0.43 0.45 0.48 0.54 0.60 0.67 0.77 0.81 0.84 0.84 0.85 0.85 0.84 0.83 0.82 0.81 0.80 0.79 0.78 0.78 0.78 0.78 0.78 0.78 0.79 0.79 0.78 0.76 0.73 0.70 0.66 0.61 0.56 0.51 0.47 0.43 0.41 0.41 0.40 0.38 0.38 0.38 0.38
Larus cachinnans,BN07542,Goéland pontique,Caspian Gull,1,0.76,0.63,resident,0.70 0.71 0.70 0.70 0.70 0.69 0.69 0.69 0.70 0.70 0.70 0.68 0.66 0.62 0.60 0.58 0.56 0.52 0.48 0.44 0.40 0.39 0.39 0.39 0.40 0.44 0.49 0.52 0.56 0.61 0.64 0.68 0.68 0.69 0.70 0.71 0.70 0.73 0.75 0.76 0.75 0.75 0.74 0.71 0.70 0.71 0.71 0.71
Fringilla montifringilla,BN05702,Pinson du Nord,Brambling,1,0.999,0.629,winter,0.87 0.87 0.87 0.87 0.87 0.87 0.87 0.87 0.87 0.87 0.88 0.89 0.89 0.89 0.86 0.79 0.68 0.53 0.40 0.30 0.23 0.19 0.17 0.13 0.09 0.08 0.08 0.08 0.09 0.10 0.11 0.16 0.23 0.38 0.61 0.75 0.85 0.93 0.99 1.00 0.93 0.91 0.89 0.88 0.88 0.88 0.88 0.88
Martes foina,BN08429,Fouine,Stone Marten,0,0.649,0.628,resident,0.64 0.65 0.65 0.65 0.65 0.65 0.65 0.64 0.64 0.64 0.64 0.64 0.64 0.65 0.63 0.64 0.63 0.62 0.62 0.62 0.61 0.61 0.61 0.61 0.61 0.61 0.60 0.60 0.60 0.61 0.60 0.60 0.61 0.61 0.61 0.62 0.63 0.63 0.63 0.63 0.63 0.63 0.63 0.63 0.64 0.64 0.64 0.64
Luscinia svecica,BN08174,Gorgebleue à miroir,Bluethroat,1,0.855,0.628,mixed,0.31 0.31 0.30 0.31 0.33 0.36 0.38 0.45 0.53 0.64 0.75 0.81 0.84 0.85 0.86 0.84 0.83 0.80 0.76 0.71 0.66 0.65 0.63 0.63 0.63 0.65 0.68 0.71 0.75 0.77 0.80 0.81 0.82 0.83 0.85 0.85 0.85 0.83 0.78 0.72 0.61 0.52 0.46 0.41 0.36 0.34 0.31 0.31
Branta leucopsis,BN01900,Bernache nonnette,Barnacle Goose,1,0.753,0.625,resident,0.74 0.75 0.75 0.74 0.74 0.74 0.73 0.72 0.71 0.71 0.70 0.69 0.66 0.62 0.59 0.57 0.55 0.53 0.51 0.49 0.48 0.48 0.48 0.48 0.49 0.49 0.49 0.50 0.50 0.51 0.51 0.53 0.53 0.53 0.56 0.59 0.64 0.67 0.70 0.71 0.72 0.73 0.75 0.74 0.74 0.75 0.74 0.74
Tettigonia viridissima,BN14867,Grande sauterelle verte,Great Green Bush-cricket,0,0.885,0.615,summer,0.12 0.11 0.11 0.11 0.13 0.16 0.20 0.25 0.37 0.50 0.62 0.75 0.82 0.84 0.85 0.87 0.87 0.87 0.88 0.88 0.88 0.88 0.88 0.88 0.88 0.88 0.88 0.88 0.88 0.88 0.88 0.87 0.87 0.86 0.87 0.86 0.82 0.77 0.72 0.67 0.56 0.44 0.35 0.27 0.18 0.14 0.12 0.12
Martes martes,BN08431,Martre des pins,Eurasian Pine Marten,0,0.676,0.614,resident,0.57 0.58 0.58 0.58 0.57 0.56 0.56 0.55 0.55 0.55 0.55 0.56 0.58 0.60 0.62 0.64 0.65 0.66 0.67 0.67 0.67 0.67 0.67 0.67 0.67 0.67 0.67 0.68 0.68 0.67 0.66 0.64 0.64 0.61 0.61 0.61 0.61 0.61 0.62 0.61 0.60 0.59 0.59 0.58 0.57 0.58 0.58 0.57
Falco subbuteo,BN05561,Faucon hobereau,Eurasian Hobby,1,0.994,0.612,summer,0.05 0.04 0.04 0.04 0.04 0.06 0.08 0.10 0.22 0.37 0.58 0.78 0.85 0.88 0.89 0.90 0.95 0.97 0.99 0.96 0.92 0.90 0.90 0.89 0.89 0.89 0.89 0.89 0.88 0.89 0.89 0.89 0.90 0.90 0.90 0.91 0.95 0.89 0.86 0.84 0.65 0.40 0.28 0.14 0.09 0.06 0.05 0.05
Numenius phaeopus,BN09887,Courlis corlieu,Eurasian Whimbrel,1,0.859,0.612,mixed,0.40 0.39 0.40 0.40 0.40 0.40 0.42 0.44 0.47 0.52 0.59 0.69 0.80 0.85 0.86 0.85 0.84 0.83 0.77 0.71 0.66 0.61 0.60 0.59 0.60 0.62 0.70 0.73 0.79 0.82 0.86 0.86 0.85 0.83 0.74 0.68 0.64 0.60 0.58 0.54 0.50 0.46 0.44 0.43 0.41 0.40 0.39 0.40
Cygnus atratus,BN04210,Cygne noir,Black Swan,1,0.683,0.608,resident,0.66 0.66 0.66 0.65 0.65 0.65 0.65 0.65 0.65 0.65 0.66 0.66 0.67 0.65 0.64 0.63 0.61 0.60 0.56 0.54 0.53 0.52 0.51 0.50 0.49 0.49 0.50 0.51 0.51 0.53 0.53 0.54 0.56 0.57 0.58 0.59 0.62 0.65 0.67 0.68 0.68 0.68 0.68 0.67 0.66 0.66 0.66 0.66
Larus marinus,BN07554,Goéland marin,Great Black-backed Gull,1,0.723,0.608,resident,0.71 0.72 0.71 0.70 0.70 0.68 0.67 0.66 0.65 0.64 0.62 0.59 0.60 0.59 0.59 0.57 0.59 0.57 0.55 0.50 0.47 0.46 0.46 0.46 0.47 0.48 0.51 0.51 0.53 0.54 0.57 0.58 0.58 0.59 0.58 0.59 0.63 0.66 0.68 0.70 0.67 0.67 0.69 0.69 0.70 0.70 0.70 0.70
Nemobius sylvestris,BN09579,Grillon des bois,Wood Cricket,0,0.72,0.605,resident,0.50 0.49 0.49 0.49 0.49 0.49 0.49 0.51 0.52 0.54 0.56 0.56 0.57 0.58 0.58 0.59 0.59 0.60 0.60 0.60 0.62 0.63 0.64 0.65 0.67 0.67 0.67 0.68 0.69 0.70 0.70 0.70 0.70 0.71 0.71 0.72 0.72 0.72 0.70 0.68 0.64 0.61 0.59 0.57 0.54 0.53 0.52 0.51
Epidalea calamita,BN05163,Calamite des joncs,Natterjack Toad,0,0.754,0.605,resident,0.39 0.38 0.38 0.38 0.39 0.40 0.43 0.47 0.51 0.56 0.64 0.70 0.73 0.74 0.75 0.75 0.75 0.75 0.75 0.74 0.73 0.73 0.72 0.71 0.69 0.69 0.68 0.67 0.67 0.68 0.68 0.69 0.69 0.70 0.71 0.71 0.72 0.70 0.68 0.63 0.57 0.52 0.48 0.44 0.41 0.40 0.39 0.39
Panurus biarmicus,BN10601,Panure à moustaches,Bearded Reedling,1,0.71,0.603,resident,0.70 0.71 0.71 0.70 0.70 0.70 0.70 0.69 0.67 0.67 0.66 0.66 0.65 0.62 0.61 0.59 0.58 0.57 0.53 0.51 0.48 0.46 0.45 0.44 0.44 0.43 0.44 0.44 0.45 0.47 0.49 0.52 0.54 0.56 0.59 0.62 0.65 0.67 0.67 0.68 0.68 0.69 0.69 0.69 0.69 0.69 0.70 0.70
Myocastor coypus,BN09337,Ragondin,Coypu,0,0.636,0.602,resident,0.63 0.63 0.63 0.63 0.62 0.62 0.62 0.62 0.61 0.61 0.61 0.61 0.62 0.63 0.63 0.63 0.64 0.63 0.62 0.61 0.60 0.58 0.58 0.57 0.56 0.57 0.57 0.58 0.58 0.58 0.58 0.59 0.60 0.60 0.59 0.59 0.59 0.58 0.58 0.58 0.58 0.59 0.59 0.60 0.61 0.61 0.62 0.62
Ardea purpurea,BN01201,Héron pourpré,Purple Heron,1,0.851,0.601,summer,0.15 0.13 0.14 0.14 0.15 0.16 0.19 0.27 0.40 0.53 0.65 0.76 0.82 0.84 0.84 0.85 0.85 0.85 0.84 0.84 0.84 0.84 0.84 0.83 0.83 0.83 0.84 0.84 0.84 0.85 0.85 0.85 0.84 0.83 0.82 0.81 0.79 0.75 0.69 0.62 0.50 0.42 0.35 0.27 0.20 0.17 0.16 0.15
Aquila chrysaetos,BN01106,Aigle royal,Golden Eagle,1,0.733,0.6,resident,0.69 0.70 0.71 0.70 0.69 0.68 0.68 0.67 0.66 0.64 0.61 0.59 0.58 0.58 0.57 0.56 0.56 0.54 0.53 0.52 0.49 0.48 0.48 0.46 0.46 0.46 0.46 0.47 0.48 0.49 0.50 0.53 0.54 0.55 0.56 0.58 0.59 0.62 0.66 0.69 0.72 0.73 0.73 0.73 0.73 0.73 0.72 0.70
Sylvia borin,BN14460,Fauvette des jardins,Garden Warbler,1,1.0,0.595,summer,0.05 0.05 0.05 0.05 0.05 0.05 0.05 0.06 0.11 0.19 0.28 0.52 0.82 0.88 0.89 0.93 1.00 1.00 1.00 0.93 0.91 0.91 0.90 0.89 0.89 0.89 0.89 0.89 0.89 0.90 0.98 1.00 1.00 1.00 0.99 0.96 0.96 0.94 0.87 0.75 0.48 0.24 0.15 0.09 0.07 0.06 0.05 0.05
Poecile montanus,BN11835,Mésange boréale,Willow Tit,1,0.642,0.595,resident,0.61 0.61 0.61 0.60 0.60 0.60 0.60 0.60 0.60 0.60 0.60 0.59 0.58 0.58 0.57 0.57 0.56 0.56 0.56 0.55 0.55 0.56 0.56 0.56 0.57 0.57 0.57 0.57 0.57 0.59 0.61 0.62 0.63 0.63 0.63 0.64 0.64 0.63 0.62 0.63 0.62 0.62 0.62 0.61 0.61 0.61 0.61 0.61
Curruca communis,BN04073,Fauvette grisette,Common Whitethroat,1,1.0,0.594,summer,0.05 0.04 0.04 0.04 0.04 0.06 0.07 0.11 0.25 0.41 0.58 0.82 0.88 0.89 0.89 0.90 0.90 0.90 0.90 0.89 0.89 0.89 0.89 0.89 0.88 0.89 0.89 0.89 0.90 0.94 1.00 1.00 1.00 1.00 0.92 0.89 0.88 0.84 0.73 0.59 0.38 0.20 0.14 0.09 0.06 0.05 0.05 0.05
Curruca undata,BN04093,Fauvette pitchou,Dartford Warbler,1,0.625,0.592,resident,0.62 0.62 0.62 0.62 0.61 0.61 0.60 0.60 0.59 0.60 0.60 0.60 0.60 0.60 0.60 0.60 0.61 0.61 0.61 0.59 0.58 0.57 0.56 0.54 0.54 0.52 0.52 0.53 0.54 0.54 0.54 0.56 0.57 0.58 0.59 0.60 0.61 0.61 0.62 0.62 0.62 0.62 0.62 0.61 0.62 0.62 0.62 0.62
Arenaria interpres,BN01220,Tournepierre à collier,Ruddy Turnstone,1,0.866,0.59,resident,0.53 0.53 0.51 0.50 0.49 0.47 0.46 0.46 0.46 0.47 0.48 0.51 0.56 0.59 0.64 0.68 0.74 0.72 0.65 0.56 0.47 0.42 0.42 0.41 0.43 0.47 0.55 0.60 0.68 0.75 0.80 0.83 0.87 0.87 0.84 0.77 0.70 0.67 0.64 0.63 0.62 0.61 0.59 0.56 0.54 0.53 0.52 0.52
Curruca melanocephala,BN04084,Fauvette mélanocéphale,Sardinian Warbler,1,0.652,0.588,resident,0.63 0.63 0.62 0.62 0.61 0.59 0.58 0.58 0.57 0.56 0.57 0.59 0.61 0.63 0.63 0.63 0.63 0.63 0.61 0.56 0.53 0.53 0.52 0.51 0.50 0.50 0.50 0.51 0.52 0.53 0.53 0.53 0.56 0.56 0.57 0.58 0.60 0.61 0.62 0.64 0.65 0.65 0.65 0.65 0.65 0.65 0.64 0.64
Ficedula hypoleuca,BN05602,Gobemouche noir,European Pied Flycatcher,1,1.0,0.587,summer,0.01 0.01 0.01 0.01 0.01 0.02 0.04 0.09 0.21 0.38 0.64 0.85 0.88 0.89 0.91 0.91 0.91 0.90 0.90 0.88 0.86 0.85 0.84 0.83 0.82 0.83 0.85 0.87 0.91 0.98 1.00 1.00 1.00 1.00 0.93 0.89 0.89 0.88 0.86 0.70 0.44 0.20 0.13 0.06 0.04 0.02 0.02 0.01
Acrocephalus schoenobaenus,BN00099,Phragmite des joncs,Sedge Warbler,1,0.991,0.582,summer,0.08 0.07 0.07 0.08 0.08 0.09 0.11 0.16 0.25 0.41 0.55 0.78 0.84 0.87 0.90 0.90 0.90 0.89 0.90 0.90 0.88 0.86 0.84 0.84 0.82 0.82 0.82 0.83 0.87 0.95 0.99 0.99 0.93 0.89 0.88 0.86 0.84 0.79 0.67 0.54 0.36 0.22 0.17 0.12 0.09 0.09 0.08 0.08
Ptyonoprogne rupestris,BN12785,Hirondelle de rochers,Eurasian Crag Martin,1,0.659,0.576,resident,0.53 0.53 0.53 0.53 0.53 0.53 0.53 0.55 0.57 0.58 0.61 0.64 0.64 0.65 0.65 0.66 0.65 0.64 0.61 0.57 0.55 0.54 0.54 0.53 0.52 0.51 0.51 0.52 0.52 0.53 0.55 0.57 0.60 0.61 0.63 0.64 0.66 0.65 0.63 0.62 0.61 0.59 0.57 0.57 0.55 0.54 0.54 0.53
Gryllus campestris,BN06224,Grillon champêtre,European Field Cricket,0,0.777,0.572,mixed,0.29 0.27 0.27 0.29 0.31 0.35 0.38 0.44 0.51 0.56 0.59 0.63 0.66 0.68 0.69 0.70 0.71 0.72 0.72 0.71 0.70 0.69 0.68 0.68 0.67 0.66 0.66 0.66 0.66 0.67 0.68 0.70 0.71 0.72 0.72 0.72 0.78 0.68 0.64 0.62 0.58 0.53 0.49 0.41 0.34 0.32 0.29 0.28
Acanthis flammea,BN00011,Sizerin flammé,Redpoll,1,0.733,0.569,resident,0.73 0.73 0.72 0.72 0.72 0.72 0.72 0.72 0.71 0.70 0.70 0.70 0.66 0.63 0.60 0.55 0.52 0.48 0.46 0.44 0.43 0.43 0.41 0.40 0.39 0.38 0.37 0.37 0.36 0.36 0.35 0.36 0.35 0.36 0.39 0.45 0.57 0.58 0.61 0.65 0.70 0.71 0.73 0.73 0.73 0.73 0.73 0.73
Dendrocoptes medius,BN04411,Pic mar,Middle Spotted Woodpecker,1,0.585,0.567,resident,0.58 0.58 0.59 0.58 0.58 0.58 0.58 0.58 0.57 0.57 0.57 0.57 0.57 0.57 0.57 0.58 0.58 0.57 0.57 0.56 0.56 0.56 0.56 0.55 0.56 0.56 0.56 0.56 0.56 0.56 0.56 0.56 0.56 0.55 0.56 0.56 0.56 0.55 0.55 0.55 0.56 0.57 0.57 0.57 0.57 0.58 0.58 0.58
Castor fiber,BN02488,Castor d'Eurasie,Eurasian Beaver,0,0.597,0.56,resident,0.59 0.59 0.59 0.59 0.60 0.60 0.60 0.59 0.59 0.60 0.60 0.59 0.59 0.59 0.57 0.56 0.55 0.53 0.52 0.52 0.52 0.52 0.52 0.53 0.53 0.53 0.53 0.53 0.54 0.54 0.54 0.53 0.53 0.52 0.53 0.53 0.54 0.54 0.55 0.56 0.57 0.58 0.58 0.58 0.58 0.59 0.59 0.59
Mergus serrator,BN08745,Harle huppé,Red-breasted Merganser,1,0.847,0.556,mixed,0.82 0.82 0.82 0.81 0.81 0.80 0.79 0.79 0.78 0.76 0.76 0.78 0.77 0.75 0.71 0.62 0.55 0.47 0.42 0.35 0.30 0.27 0.25 0.23 0.21 0.20 0.19 0.18 0.18 0.18 0.18 0.20 0.22 0.23 0.26 0.31 0.40 0.55 0.68 0.77 0.81 0.84 0.85 0.81 0.82 0.82 0.82 0.82
Muscicapa striata,BN09169,Gobemouche gris,Spotted Flycatcher,1,1.0,0.556,summer,0.01 0.01 0.00 0.01 0.01 0.01 0.01 0.02 0.05 0.08 0.16 0.32 0.60 0.85 0.88 0.89 0.92 0.96 1.00 1.00 0.90 0.90 0.89 0.89 0.89 0.89 0.89 0.89 0.89 0.90 0.90 0.92 0.94 0.97 0.91 0.90 0.90 0.88 0.88 0.78 0.51 0.22 0.12 0.06 0.04 0.03 0.02 0.01
Pernis apivorus,BN10931,Bondrée apivore,European Honey Buzzard,1,0.999,0.553,summer,0.03 0.02 0.02 0.02 0.02 0.02 0.03 0.04 0.07 0.12 0.23 0.52 0.76 0.82 0.85 0.87 0.89 0.89 0.90 0.89 0.89 0.88 0.88 0.87 0.88 0.88 0.88 0.88 0.88 0.89 0.90 1.00 0.99 0.99 0.94 0.90 0.89 0.87 0.82 0.65 0.36 0.17 0.09 0.05 0.03 0.03 0.03 0.03
Emberiza cia,BN05047,Bruant fou,Rock Bunting,1,0.665,0.553,resident,0.65 0.65 0.65 0.65 0.64 0.64 0.63 0.63 0.62 0.62 0.62 0.62 0.62 0.61 0.58 0.57 0.56 0.55 0.53 0.51 0.47 0.45 0.44 0.43 0.41 0.39 0.39 0.39 0.39 0.39 0.40 0.41 0.42 0.44 0.47 0.49 0.55 0.59 0.62 0.63 0.65 0.66 0.66 0.66 0.66 0.66 0.66 0.66
Dama dama,BN04320,Daim européen,European Fallow Deer,0,0.615,0.549,resident,0.59 0.59 0.59 0.58 0.58 0.58 0.58 0.58 0.58 0.58 0.58 0.59 0.59 0.59 0.58 0.57 0.56 0.53 0.52 0.50 0.47 0.46 0.45 0.43 0.43 0.43 0.44 0.46 0.47 0.48 0.49 0.51 0.53 0.55 0.57 0.59 0.60 0.61 0.62 0.61 0.60 0.60 0.59 0.59 0.59 0.59 0.59 0.59
Calidris alba,BN02142,Bécasseau sanderling,Sanderling,1,0.835,0.548,mixed,0.53 0.52 0.52 0.50 0.48 0.46 0.45 0.44 0.44 0.44 0.45 0.46 0.49 0.51 0.56 0.54 0.57 0.54 0.49 0.44 0.38 0.36 0.36 0.36 0.37 0.39 0.46 0.51 0.59 0.65 0.73 0.78 0.82 0.84 0.81 0.76 0.71 0.69 0.65 0.64 0.63 0.61 0.60 0.58 0.57 0.55 0.54 0.53
Bucephala clangula,BN01954,Garrot à oeil d'or,Common Goldeneye,1,0.756,0.546,mixed,0.74 0.75 0.76 0.74 0.74 0.74 0.73 0.72 0.71 0.69 0.68 0.65 0.61 0.58 0.55 0.52 0.46 0.42 0.40 0.37 0.35 0.33 0.31 0.31 0.29 0.29 0.29 0.30 0.32 0.33 0.34 0.36 0.39 0.40 0.45 0.49 0.53 0.58 0.60 0.63 0.67 0.69 0.71 0.72 0.73 0.74 0.74 0.74
Elanus caeruleus,BN04965,Élanion blanc,Black-winged Kite,1,0.572,0.544,resident,0.57 0.57 0.57 0.56 0.56 0.56 0.55 0.54 0.54 0.54 0.55 0.56 0.56 0.56 0.56 0.55 0.54 0.54 0.54 0.52 0.53 0.53 0.53 0.53 0.53 0.54 0.55 0.55 0.55 0.56 0.55 0.55 0.55 0.53 0.53 0.52 0.52 0.51 0.51 0.52 0.52 0.53 0.54 0.55 0.56 0.56 0.56 0.56
Thalasseus sandvicensis,BN14883,Sterne caugek,Sandwich Tern,1,0.69,0.543,resident,0.45 0.44 0.43 0.42 0.42 0.42 0.42 0.43 0.46 0.49 0.52 0.61 0.63 0.66 0.68 0.69 0.69 0.68 0.66 0.62 0.56 0.52 0.51 0.52 0.50 0.52 0.54 0.53 0.54 0.56 0.58 0.59 0.60 0.60 0.60 0.60 0.60 0.60 0.61 0.61 0.61 0.54 0.51 0.48 0.47 0.46 0.45 0.45
Cuculus canorus,BN04049,Coucou gris,Common Cuckoo,1,0.892,0.541,summer,0.02 0.01 0.02 0.02 0.02 0.04 0.06 0.10 0.17 0.37 0.64 0.83 0.88 0.88 0.88 0.88 0.88 0.88 0.89 0.89 0.89 0.89 0.89 0.89 0.88 0.88 0.88 0.88 0.88 0.88 0.88 0.88 0.88 0.87 0.86 0.85 0.80 0.67 0.45 0.24 0.12 0.09 0.07 0.04 0.03 0.02 0.01 0.02
Circaetus gallicus,BN03228,Circaète Jean-le-Blanc,Short-toed Snake Eagle,1,0.849,0.538,summer,0.09 0.09 0.10 0.11 0.14 0.16 0.19 0.23 0.32 0.40 0.48 0.62 0.75 0.80 0.83 0.85 0.85 0.85 0.84 0.84 0.84 0.84 0.83 0.82 0.82 0.82 0.83 0.83 0.83 0.83 0.83 0.83 0.81 0.79 0.76 0.73 0.65 0.56 0.46 0.40 0.30 0.21 0.17 0.14 0.10 0.09 0.08 0.09
Luscinia megarhynchos,BN08172,Rossignol philomèle,Common Nightingale,1,0.994,0.531,summer,0.00 0.00 0.00 0.00 0.01 0.01 0.02 0.05 0.13 0.33 0.62 0.80 0.87 0.90 0.90 0.91 0.90 0.90 0.89 0.89 0.89 0.89 0.88 0.88 0.88 0.88 0.89 0.89 0.90 0.95 0.99 0.99 0.92 0.90 0.89 0.85 0.75 0.54 0.33 0.14 0.05 0.02 0.01 0.00 0.00 0.00 0.00 0.00
Lymnocryptes minimus,BN08197,Bécassine sourde,Jack Snipe,1,0.83,0.53,winter,0.80 0.81 0.81 0.80 0.80 0.80 0.79 0.80 0.80 0.80 0.79 0.78 0.76 0.73 0.67 0.57 0.36 0.22 0.12 0.08 0.05 0.03 0.03 0.03 0.03 0.03 0.04 0.06 0.07 0.08 0.10 0.15 0.27 0.45 0.59 0.67 0.73 0.77 0.79 0.83 0.83 0.83 0.82 0.82 0.82 0.82 0.82 0.81
Gyps fulvus,BN06303,Vautour fauve,Griffon Vulture,1,0.608,0.522,resident,0.47 0.46 0.46 0.45 0.45 0.45 0.46 0.45 0.46 0.47 0.49 0.51 0.53 0.55 0.57 0.59 0.60 0.61 0.60 0.58 0.56 0.55 0.55 0.54 0.54 0.53 0.53 0.54 0.55 0.55 0.56 0.56 0.56 0.55 0.56 0.56 0.56 0.55 0.54 0.53 0.52 0.51 0.50 0.49 0.48 0.47 0.47 0.46
Chlidonias niger,BN02879,Guifette noire,Black Tern,1,0.983,0.521,summer,0.03 0.03 0.03 0.02 0.02 0.02 0.03 0.03 0.05 0.07 0.12 0.26 0.61 0.80 0.92 0.97 0.98 0.98 0.97 0.90 0.88 0.86 0.85 0.84 0.85 0.86 0.90 0.91 0.93 0.95 0.97 0.97 0.95 0.94 0.90 0.82 0.69 0.60 0.50 0.36 0.19 0.12 0.09 0.06 0.06 0.04 0.04 0.03
Anser albifrons,BN00820,Oie rieuse,Greater White-fronted Goose,1,0.801,0.521,mixed,0.79 0.79 0.79 0.78 0.77 0.77 0.76 0.75 0.73 0.71 0.69 0.67 0.63 0.57 0.50 0.41 0.36 0.30 0.25 0.22 0.20 0.18 0.16 0.15 0.15 0.15 0.15 0.16 0.17 0.17 0.19 0.24 0.33 0.40 0.47 0.55 0.61 0.64 0.68 0.72 0.76 0.79 0.80 0.79 0.79 0.80 0.79 0.79
Haliaeetus albicilla,BN06365,Pygargue à queue blanche,White-tailed Eagle,1,0.643,0.52,resident,0.63 0.64 0.63 0.62 0.62 0.61 0.60 0.59 0.58 0.57 0.56 0.53 0.51 0.50 0.48 0.46 0.45 0.45 0.45 0.44 0.43 0.41 0.40 0.40 0.39 0.39 0.39 0.39 0.40 0.42 0.42 0.43 0.45 0.45 0.47 0.50 0.55 0.56 0.58 0.59 0.61 0.62 0.63 0.63 0.63 0.63 0.63 0.63
Rissa tridactyla,BN13386,Mouette tridactyle,Black-legged Kittiwake,1,0.747,0.517,mixed,0.71 0.71 0.70 0.69 0.66 0.63 0.60 0.57 0.53 0.48 0.46 0.47 0.46 0.45 0.45 0.44 0.44 0.44 0.43 0.41 0.39 0.37 0.35 0.36 0.35 0.35 0.36 0.35 0.36 0.37 0.38 0.40 0.40 0.42 0.43 0.45 0.48 0.52 0.59 0.65 0.70 0.73 0.75 0.71 0.72 0.72 0.71 0.71
Morus bassanus,BN09118,Fou de Bassan,Northern Gannet,1,0.619,0.514,resident,0.58 0.58 0.58 0.57 0.54 0.52 0.51 0.52 0.52 0.51 0.52 0.53 0.52 0.52 0.51 0.50 0.50 0.50 0.49 0.48 0.47 0.46 0.44 0.44 0.43 0.44 0.44 0.43 0.44 0.45 0.45 0.46 0.47 0.48 0.48 0.50 0.52 0.53 0.56 0.58 0.60 0.62 0.62 0.59 0.58 0.58 0.56 0.57
Melanitta nigra,BN08589,Macreuse noire,Common Scoter,1,0.717,0.508,mixed,0.69 0.70 0.67 0.66 0.64 0.62 0.59 0.56 0.54 0.52 0.49 0.47 0.50 0.48 0.47 0.43 0.39 0.37 0.32 0.30 0.33 0.34 0.34 0.34 0.35 0.36 0.37 0.37 0.38 0.39 0.42 0.42 0.43 0.44 0.42 0.44 0.47 0.50 0.59 0.65 0.67 0.68 0.71 0.69 0.71 0.72 0.71 0.70
Gulosus aristotelis,BN06255,Cormoran huppé,European Shag,1,0.631,0.508,resident,0.60 0.60 0.59 0.59 0.58 0.56 0.54 0.52 0.50 0.48 0.46 0.44 0.42 0.42 0.41 0.40 0.41 0.42 0.40 0.40 0.41 0.42 0.45 0.45 0.48 0.48 0.49 0.48 0.49 0.49 0.49 0.51 0.52 0.52 0.52 0.48 0.49 0.49 0.52 0.59 0.62 0.62 0.63 0.61 0.61 0.61 0.60 0.60
Somateria mollissima,BN14015,Eider à duvet,Common Eider,1,0.705,0.505,resident,0.69 0.70 0.69 0.69 0.68 0.66 0.63 0.62 0.60 0.58 0.55 0.52 0.48 0.46 0.45 0.44 0.43 0.42 0.41 0.40 0.40 0.38 0.38 0.41 0.36 0.34 0.34 0.33 0.32 0.32 0.32 0.32 0.32 0.32 0.33 0.36 0.43 0.49 0.56 0.62 0.66 0.69 0.70 0.69 0.69 0.69 0.69 0.69
Hieraaetus pennatus,BN06627,Aigle botté,Booted Eagle,1,0.757,0.503,mixed,0.20 0.19 0.19 0.19 0.20 0.21 0.23 0.26 0.30 0.35 0.41 0.49 0.57 0.62 0.67 0.70 0.73 0.74 0.74 0.72 0.68 0.68 0.67 0.66 0.66 0.67 0.68 0.68 0.69 0.71 0.73 0.75 0.76 0.75 0.74 0.71 0.65 0.60 0.53 0.45 0.35 0.30 0.28 0.24 0.22 0.21 0.20 0.20
Limosa lapponica,BN07913,Barge rousse,Bar-tailed Godwit,1,0.69,0.501,resident,0.47 0.46 0.45 0.45 0.44 0.43 0.43 0.43 0.44 0.45 0.47 0.49 0.51 0.52 0.54 0.53 0.53 0.51 0.47 0.41 0.37 0.35 0.35 0.35 0.36 0.38 0.42 0.46 0.53 0.59 0.65 0.69 0.66 0.66 0.63 0.64 0.62 0.61 0.60 0.59 0.57 0.55 0.53 0.51 0.50 0.48 0.48 0.48
Leptophyes punctatissima,BN07783,Leptophye ponctuée,Speckled Bush-cricket,0,0.798,0.497,summer,0.20 0.13 0.09 0.08 0.06 0.05 0.05 0.04 0.05 0.06 0.08 0.11 0.15 0.22 0.36 0.56 0.66 0.71 0.75 0.77 0.78 0.78 0.78 0.79 0.80 0.80 0.80 0.80 0.79 0.79 0.79 0.78 0.77 0.77 0.76 0.76 0.76 0.75 0.72 0.68 0.62 0.56 0.50 0.42 0.37 0.30 0.26 0.21
Curruca curruca,BN04076,Fauvette babillarde,Lesser Whitethroat,1,0.885,0.496,summer,0.08 0.07 0.07 0.07 0.07 0.07 0.07 0.08 0.09 0.13 0.23 0.58 0.75 0.83 0.85 0.86 0.88 0.86 0.85 0.81 0.79 0.78 0.77 0.77 0.76 0.77 0.77 0.77 0.78 0.81 0.85 0.87 0.80 0.77 0.75 0.71 0.68 0.61 0.49 0.33 0.20 0.14 0.12 0.09 0.09 0.08 0.08 0.08
Pyrrhocorax pyrrhocorax,BN12895,Crave à bec rouge,Red-billed Chough,1,0.577,0.496,resident,0.57 0.57 0.58 0.57 0.57 0.57 0.57 0.56 0.55 0.54 0.54 0.52 0.51 0.49 0.48 0.47 0.48 0.48 0.48 0.45 0.43 0.42 0.42 0.41 0.40 0.39 0.39 0.39 0.39 0.40 0.41 0.42 0.44 0.44 0.46 0.47 0.50 0.51 0.53 0.54 0.55 0.55 0.56 0.56 0.56 0.56 0.56 0.57
Tachymarptis melba,BN14604,Martinet à ventre blanc,Alpine Swift,1,0.884,0.495,summer,0.03 0.03 0.04 0.04 0.06 0.07 0.11 0.17 0.26 0.33 0.42 0.54 0.70 0.81 0.85 0.88 0.88 0.87 0.86 0.84 0.82 0.82 0.82 0.80 0.80 0.80 0.80 0.82 0.83 0.84 0.84 0.87 0.82 0.77 0.73 0.64 0.55 0.47 0.38 0.28 0.15 0.10 0.07 0.04 0.03 0.03 0.03 0.03
Gavia stellata,BN05887,Plongeon catmarin,Red-throated Loon,1,0.794,0.493,mixed,0.78 0.79 0.76 0.75 0.75 0.71 0.70 0.69 0.67 0.65 0.62 0.57 0.55 0.49 0.47 0.42 0.39 0.33 0.29 0.25 0.23 0.21 0.20 0.22 0.19 0.18 0.19 0.19 0.20 0.20 0.20 0.21 0.23 0.24 0.27 0.32 0.41 0.51 0.65 0.74 0.77 0.79 0.79 0.78 0.78 0.78 0.78 0.78
Lanius collurio,BN07506,Pie-grièche écorcheur,Red-backed Shrike,1,0.95,0.491,summer,0.00 0.00 0.00 0.00 0.00 0.00 0.00 0.00 0.01 0.01 0.03 0.10 0.35 0.63 0.75 0.83 0.90 0.90 0.95 0.92 0.90 0.89 0.89 0.89 0.88 0.88 0.89 0.89 0.88 0.89 0.89 0.89 0.89 0.88 0.88 0.88 0.88 0.79 0.63 0.41 0.17 0.06 0.03 0.01 0.01 0.00 0.00 0.00
Podiceps grisegena,BN11814,Grèbe jougris,Red-necked Grebe,1,0.67,0.49,mixed,0.66 0.66 0.66 0.65 0.65 0.65 0.64 0.64 0.63 0.62 0.62 0.61 0.58 0.55 0.53 0.50 0.44 0.38 0.31 0.26 0.24 0.22 0.21 0.20 0.19 0.19 0.20 0.22 0.23 0.25 0.27 0.32 0.39 0.43 0.46 0.51 0.55 0.59 0.61 0.63 0.65 0.66 0.67 0.67 0.67 0.67 0.67 0.66
Circus pygargus,BN03247,Busard cendré,Montagu's Harrier,1,0.861,0.484,summer,0.01 0.01 0.01 0.01 0.01 0.02 0.03 0.06 0.12 0.18 0.37 0.65 0.75 0.81 0.84 0.85 0.86 0.85 0.84 0.83 0.81 0.81 0.80 0.79 0.79 0.79 0.80 0.82 0.82 0.83 0.85 0.86 0.86 0.86 0.84 0.82 0.79 0.55 0.29 0.14 0.06 0.04 0.03 0.02 0.02 0.01 0.01 0.01
Bufo spinosus,BN01975,Crapaud épineux,Spiny Toad,0,0.533,0.481,resident,0.42 0.42 0.42 0.42 0.42 0.43 0.44 0.45 0.46 0.47 0.49 0.49 0.48 0.48 0.48 0.49 0.49 0.49 0.49 0.49 0.48 0.49 0.49 0.49 0.50 0.50 0.50 0.51 0.52 0.52 0.52 0.53 0.53 0.53 0.53 0.53 0.53 0.53 0.53 0.51 0.50 0.48 0.46 0.45 0.44 0.43 0.43 0.42
Gavia arctica,BN05884,Plongeon arctique,Black-throated Loon,1,0.791,0.47,winter,0.77 0.77 0.76 0.76 0.75 0.73 0.72 0.69 0.68 0.66 0.65 0.62 0.58 0.56 0.50 0.46 0.39 0.35 0.28 0.23 0.20 0.18 0.15 0.14 0.11 0.10 0.10 0.10 0.10 0.11 0.12 0.14 0.16 0.18 0.21 0.25 0.33 0.46 0.60 0.69 0.76 0.78 0.79 0.77 0.77 0.78 0.77 0.77
Phylloscopus sibilatrix,BN11381,Pouillot siffleur,Wood Warbler,1,0.909,0.47,summer,0.00 0.00 0.00 0.00 0.00 0.00 0.01 0.01 0.02 0.07 0.23 0.61 0.82 0.87 0.88 0.88 0.88 0.88 0.88 0.87 0.80 0.77 0.75 0.73 0.73 0.74 0.75 0.77 0.80 0.85 0.89 0.91 0.88 0.87 0.85 0.82 0.73 0.51 0.31 0.16 0.05 0.01 0.01 0.00 0.00 0.00 0.00 0.00
Locustella naevia,BN08011,Locustelle tachetée,Common Grasshopper Warbler,1,0.869,0.468,summer,0.02 0.02 0.02 0.02 0.02 0.03 0.04 0.07 0.10 0.15 0.30 0.56 0.74 0.81 0.86 0.87 0.87 0.86 0.84 0.81 0.81 0.79 0.78 0.78 0.77 0.78 0.78 0.79 0.80 0.80 0.81 0.82 0.80 0.79 0.77 0.72 0.60 0.44 0.31 0.20 0.11 0.07 0.05 0.03 0.02 0.02 0.02 0.02
Alytes obstetricans,BN00478,Alyte accoucheur,Common Midwife Toad,0,0.652,0.466,mixed,0.23 0.24 0.25 0.26 0.29 0.33 0.37 0.41 0.45 0.50 0.57 0.60 0.62 0.63 0.63 0.64 0.65 0.64 0.63 0.62 0.62 0.62 0.62 0.62 0.62 0.61 0.61 0.60 0.60 0.59 0.58 0.56 0.53 0.50 0.48 0.47 0.44 0.41 0.39 0.37 0.32 0.28 0.26 0.24 0.23 0.23 0.22 0.23
Aythya marila,BN01553,Fuligule milouinan,Greater Scaup,1,0.761,0.465,winter,0.75 0.76 0.76 0.75 0.74 0.74 0.73 0.72 0.70 0.68 0.65 0.62 0.59 0.53 0.47 0.40 0.34 0.29 0.23 0.19 0.17 0.15 0.13 0.13 0.12 0.12 0.13 0.13 0.13 0.14 0.14 0.16 0.19 0.20 0.23 0.32 0.45 0.55 0.61 0.62 0.67 0.70 0.73 0.73 0.75 0.75 0.75 0.75
Rana dalmatina,BN13033,Grenouille agile,Agile Frog,0,0.567,0.464,resident,0.28 0.28 0.29 0.31 0.33 0.37 0.42 0.47 0.52 0.53 0.55 0.57 0.57 0.56 0.56 0.55 0.55 0.54 0.54 0.54 0.54 0.55 0.55 0.54 0.54 0.54 0.54 0.53 0.54 0.53 0.53 0.52 0.51 0.51 0.51 0.52 0.52 0.50 0.48 0.47 0.41 0.36 0.33 0.31 0.27 0.26 0.26 0.27
Calidris ferruginea,BN02147,Bécasseau cocorli,Curlew Sandpiper,1,0.906,0.463,summer,0.16 0.14 0.14 0.14 0.13 0.13 0.14 0.17 0.20 0.24 0.28 0.35 0.43 0.53 0.62 0.69 0.73 0.72 0.68 0.60 0.52 0.47 0.46 0.47 0.50 0.56 0.62 0.68 0.73 0.78 0.88 0.91 0.86 0.83 0.81 0.78 0.74 0.64 0.54 0.45 0.37 0.30 0.26 0.22 0.19 0.18 0.16 0.15
Caprimulgus europaeus,BN02382,Engoulevent d'Europe,European Nightjar,1,0.906,0.46,summer,0.00 0.00 0.00 0.00 0.00 0.00 0.00 0.00 0.01 0.02 0.07 0.20 0.33 0.43 0.62 0.80 0.88 0.89 0.91 0.90 0.90 0.89 0.88 0.88 0.88 0.88 0.88 0.88 0.87 0.87 0.88 0.88 0.88 0.87 0.86 0.81 0.71 0.54 0.38 0.25 0.09 0.03 0.01 0.00 0.00 0.00 0.00 0.00
Oriolus oriolus,BN10266,Loriot d'Europe,Eurasian Golden Oriole,1,0.908,0.454,summer,0.00 0.00 0.00 0.00 0.00 0.00 0.00 0.01 0.02 0.05 0.09 0.27 0.58 0.73 0.82 0.87 0.90 0.90 0.91 0.90 0.90 0.89 0.88 0.87 0.86 0.86 0.86 0.86 0.86 0.86 0.87 0.88 0.87 0.85 0.81 0.73 0.54 0.27 0.11 0.05 0.02 0.01 0.01 0.00 0.00 0.00 0.00 0.00
Anser indicus,BN00828,Oie à tête barrée,Bar-headed Goose,1,0.57,0.453,resident,0.55 0.56 0.56 0.55 0.55 0.55 0.54 0.55 0.54 0.54 0.52 0.50 0.48 0.45 0.41 0.38 0.36 0.33 0.30 0.28 0.27 0.26 0.27 0.27 0.29 0.31 0.35 0.35 0.36 0.37 0.39 0.40 0.42 0.43 0.45 0.47 0.50 0.53 0.54 0.55 0.57 0.57 0.57 0.56 0.56 0.57 0.56 0.55
Aix sponsa,BN00353,Canard branchu,Wood Duck,1,0.588,0.448,mixed,0.56 0.56 0.56 0.56 0.55 0.55 0.55 0.55 0.55 0.55 0.55 0.54 0.53 0.51 0.49 0.46 0.43 0.40 0.34 0.30 0.27 0.26 0.25 0.25 0.24 0.24 0.24 0.24 0.25 0.26 0.28 0.31 0.35 0.38 0.41 0.45 0.51 0.54 0.56 0.59 0.59 0.59 0.58 0.58 0.57 0.57 0.57 0.56
Anarhynchus alexandrinus,BN00665,Pluvier à collier interrompu,Kentish Plover,1,0.551,0.446,resident,0.38 0.38 0.38 0.38 0.38 0.38 0.39 0.40 0.43 0.47 0.50 0.53 0.54 0.55 0.55 0.54 0.54 0.53 0.49 0.47 0.45 0.44 0.43 0.43 0.43 0.43 0.43 0.44 0.45 0.46 0.47 0.48 0.49 0.48 0.48 0.47 0.47 0.45 0.44 0.43 0.41 0.40 0.41 0.40 0.38 0.38 0.38 0.38
Cygnus cygnus,BN04213,Cygne chanteur,Whooper Swan,1,0.689,0.444,mixed,0.68 0.69 0.69 0.68 0.67 0.66 0.65 0.64 0.63 0.60 0.58 0.54 0.50 0.45 0.39 0.34 0.30 0.28 0.25 0.24 0.21 0.20 0.19 0.18 0.17 0.16 0.16 0.16 0.16 0.17 0.17 0.19 0.20 0.22 0.28 0.38 0.49 0.58 0.61 0.64 0.65 0.66 0.67 0.66 0.67 0.67 0.68 0.68
Merops apiaster,BN08757,Guêpier d'Europe,European Bee-eater,1,0.943,0.442,summer,0.00 0.00 0.00 0.00 0.00 0.00 0.00 0.00 0.01 0.02 0.09 0.23 0.35 0.57 0.78 0.86 0.89 0.89 0.88 0.88 0.88 0.87 0.87 0.86 0.87 0.88 0.88 0.89 0.89 0.90 0.91 0.94 0.89 0.86 0.82 0.68 0.45 0.26 0.14 0.04 0.00 0.00 0.00 0.00 0.00 0.00 0.00 0.00
Anthus campestris,BN00908,Pipit rousseline,Tawny Pipit,1,0.901,0.442,summer,0.02 0.01 0.01 0.01 0.01 0.02 0.02 0.04 0.07 0.13 0.24 0.34 0.53 0.75 0.85 0.87 0.90 0.89 0.88 0.86 0.85 0.84 0.83 0.80 0.78 0.76 0.75 0.75 0.76 0.77 0.79 0.79 0.75 0.69 0.66 0.58 0.45 0.38 0.30 0.21 0.11 0.06 0.04 0.02 0.02 0.02 0.02 0.02
Gavia immer,BN05885,Plongeon huard,Common Loon,1,0.714,0.441,mixed,0.69 0.69 0.68 0.65 0.62 0.61 0.59 0.57 0.55 0.53 0.53 0.53 0.50 0.47 0.47 0.39 0.34 0.31 0.28 0.25 0.23 0.21 0.21 0.21 0.20 0.19 0.19 0.20 0.20 0.21 0.21 0.23 0.23 0.24 0.26 0.29 0.39 0.40 0.48 0.56 0.63 0.68 0.69 0.70 0.71 0.71 0.71 0.70
Hippolais polyglotta,BN06653,Hypolaïs polyglotte,Melodious Warbler,1,0.945,0.427,summer,0.00 0.00 0.00 0.00 0.00 0.00 0.00 0.00 0.00 0.03 0.10 0.22 0.39 0.57 0.70 0.79 0.85 0.87 0.88 0.88 0.87 0.87 0.86 0.85 0.84 0.84 0.85 0.85 0.85 0.93 0.94 0.94 0.88 0.76 0.68 0.58 0.38 0.24 0.13 0.06 0.01 0.00 0.00 0.00 0.00 0.00 0.00 0.00
Chlidonias hybrida,BN02877,Guifette moustac,Whiskered Tern,1,0.74,0.427,summer,0.12 0.10 0.10 0.09 0.09 0.08 0.08 0.10 0.13 0.17 0.24 0.35 0.47 0.57 0.66 0.71 0.73 0.74 0.73 0.71 0.68 0.67 0.66 0.64 0.64 0.63 0.63 0.65 0.65 0.66 0.66 0.66 0.64 0.61 0.60 0.57 0.52 0.48 0.43 0.38 0.31 0.26 0.22 0.18 0.16 0.13 0.12 0.12
Podiceps auritus,BN11811,Grèbe esclavon,Horned Grebe,1,0.727,0.424,winter,0.71 0.71 0.71 0.70 0.70 0.68 0.65 0.63 0.62 0.60 0.60 0.61 0.56 0.49 0.43 0.34 0.27 0.20 0.17 0.14 0.11 0.09 0.09 0.08 0.07 0.08 0.08 0.10 0.11 0.12 0.12 0.15 0.17 0.19 0.22 0.29 0.40 0.51 0.57 0.62 0.67 0.69 0.71 0.71 0.72 0.73 0.72 0.72
Melanitta fusca,BN08588,Macreuse brune,Velvet Scoter,1,0.73,0.419,winter,0.73 0.73 0.73 0.72 0.71 0.71 0.70 0.68 0.66 0.63 0.59 0.50 0.42 0.38 0.35 0.29 0.26 0.22 0.18 0.15 0.13 0.13 0.12 0.11 0.11 0.11 0.11 0.11 0.12 0.13 0.14 0.14 0.16 0.17 0.19 0.22 0.28 0.37 0.51 0.62 0.68 0.72 0.73 0.72 0.73 0.73 0.73 0.73
Phoenicopterus roseus,BN11186,Flamant rose,Greater Flamingo,1,0.565,0.418,resident,0.56 0.56 0.56 0.55 0.54 0.52 0.50 0.47 0.46 0.44 0.40 0.38 0.38 0.38 0.37 0.38 0.39 0.37 0.34 0.32 0.30 0.30 0.29 0.29 0.29 0.28 0.29 0.29 0.30 0.31 0.33 0.34 0.36 0.38 0.38 0.40 0.42 0.44 0.46 0.49 0.50 0.51 0.53 0.53 0.54 0.54 0.56 0.57
Picus canus,BN11493,Pic cendré,Grey-headed Woodpecker,1,0.449,0.416,resident,0.44 0.44 0.45 0.44 0.44 0.44 0.45 0.45 0.45 0.44 0.44 0.44 0.44 0.44 0.43 0.43 0.41 0.40 0.39 0.38 0.37 0.37 0.37 0.36 0.36 0.36 0.36 0.37 0.37 0.38 0.38 0.38 0.39 0.39 0.40 0.41 0.43 0.43 0.43 0.44 0.44 0.44 0.44 0.44 0.44 0.44 0.44 0.44
Calidris canutus,BN02145,Bécasseau maubèche,Red Knot,1,0.577,0.416,resident,0.41 0.39 0.39 0.38 0.37 0.35 0.34 0.34 0.34 0.35 0.35 0.36 0.38 0.39 0.41 0.44 0.45 0.44 0.40 0.36 0.32 0.30 0.29 0.29 0.29 0.31 0.35 0.39 0.44 0.50 0.54 0.54 0.57 0.58 0.57 0.55 0.52 0.51 0.51 0.48 0.48 0.46 0.46 0.44 0.43 0.42 0.41 0.40
Branta bernicla,BN01897,Bernache cravant,Brant Goose,1,0.635,0.411,mixed,0.59 0.58 0.57 0.56 0.55 0.53 0.52 0.50 0.51 0.50 0.48 0.45 0.41 0.38 0.35 0.34 0.34 0.31 0.29 0.27 0.25 0.23 0.23 0.22 0.21 0.21 0.21 0.21 0.22 0.23 0.23 0.24 0.25 0.25 0.30 0.36 0.41 0.48 0.53 0.55 0.59 0.63 0.63 0.61 0.62 0.61 0.60 0.59
Monticola solitarius,BN09100,Monticole bleu,Blue Rock Thrush,1,0.47,0.406,resident,0.41 0.40 0.39 0.38 0.38 0.38 0.38 0.39 0.41 0.41 0.43 0.45 0.46 0.46 0.46 0.47 0.47 0.45 0.41 0.40 0.39 0.38 0.37 0.37 0.37 0.36 0.36 0.36 0.36 0.36 0.36 0.36 0.38 0.39 0.39 0.40 0.42 0.43 0.43 0.44 0.43 0.44 0.44 0.43 0.43 0.42 0.42 0.41
Pelophylax ridibundus,BN10854,Grenouille rieuse,Marsh Frog,0,0.643,0.403,summer,0.09 0.09 0.08 0.08 0.09 0.09 0.10 0.13 0.20 0.28 0.38 0.51 0.57 0.61 0.63 0.63 0.62 0.62 0.61 0.61 0.60 0.60 0.60 0.59 0.60 0.61 0.62 0.63 0.64 0.64 0.64 0.63 0.60 0.58 0.55 0.52 0.48 0.42 0.37 0.32 0.25 0.19 0.15 0.11 0.10 0.09 0.09 0.09
Tursiops truncatus,BN15520,Grand Dauphin,Common Bottlenose Dolphin,0,0.476,0.4,resident,0.33 0.33 0.32 0.33 0.33 0.33 0.33 0.34 0.36 0.37 0.37 0.39 0.42 0.42 0.46 0.47 0.48 0.48 0.47 0.47 0.45 0.43 0.44 0.45 0.44 0.44 0.45 0.44 0.44 0.45 0.44 0.44 0.43 0.43 0.41 0.39 0.35 0.42 0.42 0.42 0.41 0.39 0.38 0.33 0.34 0.34 0.33 0.33
Petronia petronia,BN10977,Moineau soulcie,Rock Sparrow,1,0.423,0.4,resident,0.41 0.41 0.40 0.40 0.40 0.40 0.40 0.40 0.40 0.40 0.41 0.40 0.40 0.40 0.41 0.41 0.41 0.42 0.42 0.41 0.40 0.40 0.39 0.38 0.38 0.37 0.37 0.37 0.38 0.37 0.38 0.38 0.37 0.37 0.38 0.39 0.40 0.40 0.41 0.42 0.42 0.42 0.42 0.41 0.41 0.40 0.41 0.41
Chorthippus brunneus,BN03002,Criquet duettiste,Common Field Grasshopper,0,0.858,0.398,summer,0.06 0.04 0.02 0.02 0.01 0.00 0.00 0.00 0.00 0.00 0.01 0.01 0.04 0.06 0.09 0.15 0.23 0.32 0.40 0.51 0.64 0.71 0.74 0.77 0.78 0.78 0.78 0.78 0.78 0.77 0.77 0.77 0.78 0.78 0.78 0.79 0.86 0.77 0.74 0.68 0.57 0.45 0.31 0.19 0.13 0.10 0.07 0.07
Muscardinus avellanarius,BN09154,Muscardin,Hazel Dormouse,0,0.51,0.398,resident,0.41 0.42 0.42 0.40 0.40 0.39 0.39 0.38 0.39 0.40 0.41 0.42 0.42 0.41 0.39 0.36 0.35 0.35 0.34 0.34 0.31 0.30 0.30 0.27 0.28 0.29 0.31 0.33 0.36 0.37 0.39 0.41 0.42 0.44 0.46 0.48 0.51 0.51 0.51 0.50 0.49 0.47 0.46 0.43 0.43 0.43 0.42 0.42
Stercorarius skua,BN14268,Grand Labbe,Great Skua,1,0.472,0.396,resident,0.36 0.37 0.34 0.35 0.36 0.34 0.35 0.36 0.37 0.37 0.38 0.40 0.40 0.41 0.41 0.42 0.42 0.42 0.41 0.40 0.39 0.37 0.36 0.37 0.36 0.37 0.38 0.38 0.39 0.39 0.41 0.42 0.42 0.44 0.44 0.45 0.46 0.47 0.47 0.47 0.45 0.45 0.43 0.38 0.37 0.37 0.35 0.36
Ondatra zibethicus,BN10147,Rat musqué,Muskrat,0,0.457,0.394,resident,0.41 0.42 0.42 0.42 0.42 0.42 0.42 0.42 0.42 0.42 0.42 0.44 0.45 0.46 0.46 0.45 0.44 0.42 0.39 0.38 0.37 0.36 0.35 0.34 0.34 0.34 0.34 0.34 0.34 0.35 0.34 0.34 0.35 0.35 0.36 0.36 0.38 0.39 0.39 0.39 0.40 0.41 0.41 0.41 0.41 0.41 0.41 0.41
Clangula hyemalis,BN03328,Harelde kakawi,Long-tailed Duck,1,0.707,0.39,winter,0.70 0.70 0.70 0.69 0.68 0.67 0.65 0.61 0.56 0.51 0.49 0.44 0.40 0.37 0.33 0.30 0.27 0.25 0.21 0.19 0.17 0.14 0.12 0.11 0.10 0.10 0.10 0.10 0.10 0.10 0.10 0.12 0.14 0.15 0.16 0.19 0.23 0.31 0.41 0.52 0.63 0.69 0.71 0.69 0.70 0.70 0.71 0.70
Otus scops,BN10416,Petit-duc scops,Eurasian Scops Owl,1,0.761,0.387,summer,0.10 0.11 0.12 0.13 0.14 0.16 0.19 0.22 0.28 0.31 0.36 0.42 0.50 0.58 0.63 0.70 0.74 0.76 0.75 0.74 0.74 0.74 0.71 0.67 0.63 0.59 0.56 0.53 0.51 0.50 0.49 0.47 0.44 0.39 0.36 0.32 0.29 0.26 0.25 0.22 0.17 0.14 0.13 0.12 0.11 0.10 0.10 0.10
Botaurus minutus,BN01824,Blongios nain,Little Bittern,1,0.699,0.385,summer,0.05 0.04 0.04 0.04 0.04 0.04 0.04 0.05 0.07 0.10 0.12 0.19 0.27 0.36 0.48 0.62 0.67 0.69 0.70 0.70 0.70 0.70 0.69 0.69 0.69 0.69 0.69 0.69 0.68 0.68 0.68 0.67 0.66 0.64 0.62 0.58 0.51 0.46 0.38 0.28 0.20 0.15 0.11 0.09 0.08 0.06 0.06 0.05
Phylloscopus bonelli,BN11321,Pouillot de Bonelli,Western Bonelli's Warbler,1,0.818,0.383,summer,0.00 0.00 0.00 0.00 0.00 0.00 0.01 0.02 0.08 0.15 0.23 0.39 0.57 0.68 0.76 0.80 0.82 0.82 0.81 0.80 0.78 0.77 0.76 0.75 0.74 0.72 0.71 0.70 0.69 0.70 0.69 0.68 0.62 0.55 0.48 0.40 0.31 0.22 0.12 0.06 0.02 0.01 0.00 0.00 0.00 0.00 0.00 0.00
Lanius senator,BN07524,Pie-grièche à tête rousse,Woodchat Shrike,1,0.858,0.382,summer,0.00 0.00 0.00 0.00 0.00 0.00 0.01 0.03 0.08 0.15 0.24 0.38 0.55 0.67 0.77 0.83 0.86 0.86 0.85 0.84 0.83 0.80 0.79 0.78 0.77 0.75 0.73 0.71 0.69 0.68 0.69 0.66 0.56 0.47 0.39 0.33 0.27 0.19 0.10 0.03 0.01 0.00 0.00 0.00 0.00 0.00 0.00 0.00
Acrocephalus arundinaceus,BN00069,Rousserolle turdoïde,Great Reed Warbler,1,0.837,0.376,summer,0.00 0.00 0.00 0.00 0.00 0.00 0.00 0.01 0.03 0.05 0.10 0.22 0.38 0.58 0.70 0.77 0.82 0.83 0.84 0.84 0.83 0.83 0.82 0.80 0.79 0.77 0.77 0.75 0.74 0.73 0.72 0.68 0.63 0.54 0.47 0.35 0.27 0.19 0.13 0.06 0.02 0.01 0.00 0.00 0.00 0.00 0.00 0.00
Omocestus rufipes,BN10140,Criquet noir ébène,Woodland Grasshopper,0,0.759,0.375,summer,0.05 0.03 0.03 0.02 0.01 0.01 0.01 0.01 0.01 0.01 0.01 0.02 0.05 0.09 0.16 0.25 0.34 0.45 0.53 0.59 0.61 0.62 0.64 0.65 0.67 0.68 0.70 0.70 0.70 0.71 0.73 0.74 0.75 0.75 0.76 0.76 0.75 0.70 0.65 0.56 0.42 0.32 0.25 0.17 0.13 0.08 0.07 0.06
Pseudochorthippus parallelus,BN12365,Criquet des pâtures,Meadow Grasshopper,0,0.776,0.375,summer,0.01 0.01 0.01 0.01 0.01 0.00 0.00 0.00 0.00 0.00 0.00 0.01 0.01 0.04 0.08 0.14 0.22 0.32 0.56 0.68 0.72 0.74 0.75 0.77 0.77 0.77 0.78 0.77 0.77 0.76 0.75 0.74 0.73 0.71 0.71 0.69 0.69 0.67 0.63 0.59 0.50 0.38 0.23 0.13 0.06 0.03 0.03 0.02
Nucifraga caryocatactes,BN09877,Cassenoix moucheté,Northern Nutcracker,1,0.489,0.375,resident,0.44 0.44 0.43 0.42 0.42 0.41 0.40 0.39 0.38 0.37 0.35 0.31 0.28 0.27 0.27 0.28 0.29 0.29 0.28 0.28 0.28 0.28 0.27 0.28 0.28 0.28 0.29 0.30 0.32 0.34 0.37 0.39 0.40 0.40 0.41 0.45 0.47 0.49 0.49 0.48 0.48 0.48 0.48 0.47 0.47 0.46 0.45 0.44
Anser brachyrhynchus,BN00822,Oie à bec court,Pink-footed Goose,1,0.682,0.375,winter,0.67 0.67 0.67 0.66 0.65 0.65 0.63 0.60 0.55 0.50 0.44 0.36 0.29 0.25 0.23 0.20 0.18 0.17 0.15 0.12 0.10 0.10 0.10 0.10 0.10 0.10 0.10 0.10 0.11 0.11 0.13 0.15 0.18 0.20 0.22 0.27 0.35 0.45 0.52 0.56 0.62 0.66 0.68 0.65 0.66 0.67 0.67 0.67
Alca torda,BN00372,Petit Pingouin,Razorbill,1,0.463,0.371,resident,0.43 0.43 0.41 0.41 0.41 0.39 0.40 0.39 0.40 0.39 0.40 0.42 0.43 0.42 0.42 0.41 0.40 0.39 0.38 0.35 0.31 0.27 0.27 0.26 0.26 0.25 0.28 0.26 0.27 0.27 0.31 0.32 0.32 0.32 0.33 0.31 0.37 0.40 0.42 0.44 0.46 0.46 0.45 0.43 0.42 0.44 0.42 0.42
Lilioceris lilii,BN07874,Criocère du lys,Lily Leaf Beetle,0,0.73,0.365,summer,0.09 0.09 0.09 0.09 0.09 0.10 0.11 0.15 0.27 0.41 0.55 0.67 0.72 0.73 0.73 0.73 0.72 0.72 0.72 0.72 0.73 0.73 0.72 0.71 0.68 0.65 0.60 0.51 0.44 0.35 0.30 0.27 0.23 0.22 0.22 0.21 0.21 0.19 0.18 0.16 0.12 0.10 0.10 0.09 0.09 0.09 0.08 0.09
Procyon lotor,BN12232,Raton laveur commun,Common Raccoon,0,0.418,0.355,resident,0.41 0.41 0.42 0.42 0.42 0.42 0.42 0.41 0.41 0.40 0.39 0.38 0.36 0.33 0.31 0.30 0.29 0.29 0.29 0.28 0.29 0.29 0.29 0.29 0.29 0.29 0.30 0.30 0.30 0.30 0.30 0.31 0.31 0.32 0.33 0.36 0.37 0.39 0.40 0.41 0.41 0.41 0.41 0.41 0.41 0.41 0.41 0.41
Prunella collaris,BN12267,Accenteur alpin,Alpine Accentor,1,0.516,0.354,mixed,0.51 0.51 0.51 0.50 0.50 0.50 0.48 0.46 0.43 0.39 0.36 0.32 0.30 0.29 0.27 0.26 0.25 0.25 0.25 0.24 0.25 0.25 0.25 0.25 0.25 0.25 0.24 0.23 0.23 0.22 0.22 0.22 0.23 0.23 0.26 0.28 0.31 0.36 0.40 0.44 0.48 0.49 0.50 0.51 0.51 0.52 0.51 0.51
Stercorarius parasiticus,BN14266,Labbe parasite,Parasitic Jaeger,1,0.484,0.35,mixed,0.23 0.22 0.21 0.21 0.20 0.20 0.20 0.21 0.24 0.25 0.29 0.33 0.41 0.42 0.44 0.44 0.44 0.44 0.42 0.40 0.34 0.31 0.31 0.32 0.31 0.32 0.37 0.37 0.39 0.42 0.44 0.45 0.46 0.47 0.48 0.48 0.48 0.48 0.47 0.46 0.43 0.37 0.35 0.28 0.25 0.25 0.24 0.23
Felis silvestris,BN05585,Chat sauvage d’Europe,European Wildcat,0,0.449,0.345,resident,0.44 0.45 0.45 0.45 0.44 0.44 0.44 0.42 0.41 0.39 0.36 0.34 0.32 0.30 0.30 0.30 0.29 0.28 0.28 0.28 0.27 0.26 0.26 0.26 0.26 0.27 0.27 0.27 0.28 0.28 0.29 0.29 0.28 0.28 0.29 0.30 0.32 0.34 0.36 0.37 0.38 0.40 0.41 0.41 0.43 0.43 0.43 0.44
Tichodroma muraria,BN15022,Tichodrome échelette,Wallcreeper,1,0.612,0.345,mixed,0.60 0.61 0.60 0.60 0.59 0.58 0.56 0.53 0.48 0.42 0.38 0.34 0.30 0.27 0.24 0.22 0.19 0.18 0.18 0.17 0.17 0.16 0.16 0.16 0.16 0.15 0.15 0.14 0.14 0.14 0.14 0.14 0.15 0.16 0.18 0.21 0.25 0.31 0.36 0.43 0.49 0.54 0.58 0.60 0.60 0.61 0.61 0.60
Rhinolophus ferrumequinum,BN13222,Grand rhinolophe,Greater Horseshoe Bat,0,0.511,0.342,mixed,0.50 0.51 0.51 0.51 0.50 0.50 0.48 0.48 0.47 0.45 0.43 0.39 0.36 0.32 0.28 0.22 0.19 0.17 0.16 0.15 0.14 0.14 0.15 0.16 0.17 0.18 0.18 0.20 0.22 0.23 0.25 0.29 0.33 0.35 0.36 0.36 0.38 0.38 0.40 0.42 0.41 0.41 0.42 0.43 0.45 0.47 0.48 0.49
Crocidura russula,BN03955,Crocidure Musette,Greater White-toothed Shrew,0,0.416,0.341,resident,0.41 0.41 0.41 0.41 0.41 0.40 0.40 0.38 0.37 0.35 0.33 0.29 0.28 0.28 0.26 0.26 0.25 0.25 0.26 0.25 0.24 0.24 0.24 0.25 0.26 0.29 0.31 0.33 0.34 0.35 0.34 0.34 0.34 0.34 0.35 0.35 0.36 0.38 0.39 0.40 0.41 0.41 0.41 0.42 0.41 0.41 0.41 0.41
Microcarbo pygmaeus,BN08838,Cormoran pygmée,Pygmy Cormorant,1,0.474,0.34,mixed,0.47 0.47 0.47 0.46 0.45 0.43 0.42 0.40 0.38 0.36 0.33 0.30 0.28 0.26 0.23 0.21 0.21 0.20 0.20 0.19 0.19 0.20 0.21 0.21 0.22 0.24 0.27 0.29 0.30 0.31 0.31 0.32 0.34 0.35 0.36 0.36 0.37 0.37 0.37 0.40 0.41 0.43 0.44 0.45 0.46 0.46 0.46 0.46
Emberiza hortulana,BN05057,Bruant ortolan,Ortolan Bunting,1,0.839,0.339,summer,0.00 0.00 0.00 0.00 0.00 0.00 0.00 0.01 0.01 0.01 0.06 0.16 0.31 0.51 0.68 0.77 0.83 0.84 0.81 0.79 0.76 0.73 0.69 0.63 0.58 0.56 0.56 0.54 0.53 0.58 0.64 0.67 0.65 0.62 0.56 0.45 0.35 0.23 0.11 0.04 0.02 0.00 0.00 0.00 0.00 0.00 0.00 0.00
Uria aalge,BN15605,Guillemot marmette,Common Murre,1,0.401,0.337,resident,0.34 0.35 0.32 0.32 0.33 0.32 0.33 0.33 0.33 0.33 0.33 0.33 0.37 0.36 0.37 0.37 0.37 0.36 0.34 0.32 0.30 0.29 0.29 0.29 0.29 0.29 0.32 0.29 0.30 0.32 0.34 0.35 0.34 0.35 0.34 0.35 0.36 0.37 0.38 0.40 0.40 0.37 0.36 0.35 0.34 0.35 0.33 0.34
Porzana porzana,BN12052,Marouette ponctuée,Spotted Crake,1,0.71,0.335,mixed,0.02 0.02 0.02 0.03 0.03 0.04 0.05 0.09 0.19 0.29 0.47 0.66 0.69 0.71 0.71 0.68 0.65 0.60 0.51 0.42 0.35 0.33 0.30 0.30 0.29 0.30 0.31 0.33 0.37 0.42 0.47 0.54 0.59 0.61 0.64 0.65 0.63 0.56 0.42 0.31 0.17 0.10 0.06 0.04 0.03 0.03 0.02 0.02
Puffinus mauretanicus,BN12800,Puffin des Baléares,Balearic Shearwater,1,0.425,0.333,resident,0.26 0.25 0.24 0.23 0.22 0.21 0.21 0.21 0.22 0.23 0.25 0.30 0.35 0.36 0.37 0.38 0.39 0.39 0.39 0.39 0.29 0.28 0.28 0.27 0.32 0.36 0.38 0.38 0.39 0.40 0.40 0.42 0.42 0.42 0.42 0.42 0.42 0.42 0.42 0.41 0.41 0.39 0.37 0.30 0.28 0.28 0.27 0.27
Phalaropus fulicarius,BN11064,Phalarope à bec large,Red Phalarope,1,0.582,0.332,mixed,0.40 0.37 0.34 0.32 0.29 0.27 0.26 0.25 0.24 0.22 0.21 0.19 0.19 0.22 0.25 0.23 0.29 0.26 0.20 0.20 0.18 0.18 0.18 0.18 0.20 0.22 0.29 0.29 0.31 0.33 0.37 0.39 0.40 0.42 0.44 0.47 0.51 0.54 0.56 0.58 0.53 0.50 0.48 0.46 0.45 0.44 0.43 0.40
Sternula albifrons,BN14284,Sterne naine,Little Tern,1,0.724,0.331,summer,0.01 0.01 0.01 0.01 0.01 0.01 0.01 0.01 0.03 0.06 0.10 0.19 0.29 0.37 0.54 0.58 0.69 0.72 0.69 0.70 0.69 0.68 0.66 0.66 0.68 0.68 0.69 0.67 0.68 0.69 0.69 0.66 0.61 0.47 0.40 0.32 0.26 0.22 0.18 0.12 0.06 0.03 0.02 0.01 0.01 0.01 0.01 0.01
Fulmarus glacialis,BN05722,Fulmar boréal,Northern Fulmar,1,0.369,0.33,resident,0.32 0.33 0.30 0.30 0.31 0.30 0.31 0.31 0.31 0.30 0.31 0.30 0.32 0.33 0.34 0.34 0.35 0.35 0.35 0.35 0.34 0.33 0.32 0.33 0.32 0.33 0.34 0.32 0.32 0.33 0.34 0.35 0.34 0.34 0.34 0.34 0.36 0.36 0.37 0.37 0.37 0.33 0.33 0.32 0.31 0.32 0.31 0.32
Hydroprogne caspia,BN06776,Sterne caspienne,Caspian Tern,1,0.598,0.329,summer,0.07 0.06 0.06 0.06 0.06 0.07 0.08 0.09 0.13 0.15 0.22 0.37 0.49 0.54 0.56 0.57 0.57 0.56 0.54 0.49 0.45 0.42 0.41 0.40 0.41 0.43 0.46 0.50 0.53 0.57 0.60 0.60 0.60 0.57 0.55 0.53 0.46 0.38 0.27 0.18 0.14 0.12 0.11 0.09 0.08 0.07 0.06 0.07
Sturnus unicolor,BN14407,Étourneau unicolore,Spotless Starling,1,0.388,0.329,resident,0.39 0.39 0.38 0.38 0.37 0.37 0.36 0.36 0.36 0.35 0.35 0.34 0.32 0.32 0.32 0.31 0.31 0.31 0.31 0.29 0.28 0.28 0.28 0.27 0.26 0.27 0.26 0.28 0.29 0.29 0.30 0.31 0.31 0.32 0.32 0.31 0.32 0.31 0.31 0.33 0.35 0.37 0.37 0.38 0.38 0.39 0.39 0.39
Stenella coeruleoalba,BN14248,Dauphin bleu-et-blanc,Striped Dolphin,0,0.393,0.325,resident,0.28 0.28 0.26 0.27 0.27 0.27 0.28 0.28 0.28 0.29 0.29 0.31 0.33 0.33 0.37 0.39 0.39 0.39 0.39 0.39 0.38 0.37 0.37 0.32 0.34 0.37 0.37 0.38 0.38 0.39 0.39 0.39 0.39 0.39 0.34 0.31 0.29 0.28 0.28 0.28 0.27 0.27 0.28 0.28 0.28 0.28 0.28 0.28
Myotis nattereri,BN09393,Murin de Natterer,Natterer's Bat,0,0.456,0.324,mixed,0.45 0.46 0.46 0.45 0.45 0.45 0.44 0.44 0.42 0.41 0.38 0.30 0.22 0.20 0.17 0.17 0.17 0.18 0.18 0.19 0.19 0.20 0.21 0.21 0.22 0.24 0.25 0.27 0.27 0.28 0.29 0.29 0.29 0.30 0.31 0.33 0.35 0.35 0.36 0.38 0.39 0.41 0.42 0.43 0.43 0.44 0.44 0.44
Mergellus albellus,BN08741,Harle piette,Smew,1,0.653,0.323,winter,0.64 0.65 0.65 0.64 0.64 0.63 0.63 0.61 0.57 0.55 0.51 0.45 0.35 0.27 0.20 0.16 0.12 0.11 0.09 0.06 0.05 0.04 0.04 0.04 0.04 0.03 0.04 0.03 0.04 0.04 0.04 0.05 0.05 0.06 0.09 0.11 0.20 0.30 0.41 0.48 0.53 0.57 0.60 0.60 0.62 0.63 0.63 0.63
Cecropis rufula,BN02539,Hirondelle rousseline,European Red-rumped Swallow,1,0.598,0.322,summer,0.06 0.06 0.07 0.07 0.09 0.11 0.12 0.14 0.20 0.26 0.31 0.42 0.49 0.55 0.58 0.60 0.59 0.57 0.55 0.53 0.52 0.51 0.51 0.49 0.47 0.46 0.44 0.44 0.42 0.43 0.43 0.45 0.45 0.43 0.41 0.38 0.36 0.34 0.28 0.23 0.16 0.11 0.09 0.08 0.06 0.05 0.05 0.05
Buteo lagopus,BN02016,Buse pattue,Rough-legged Buzzard,1,0.597,0.322,winter,0.59 0.60 0.60 0.59 0.59 0.59 0.58 0.57 0.55 0.53 0.51 0.47 0.44 0.39 0.30 0.22 0.17 0.11 0.06 0.04 0.03 0.03 0.02 0.02 0.02 0.02 0.02 0.02 0.03 0.03 0.03 0.03 0.04 0.06 0.09 0.13 0.30 0.42 0.47 0.52 0.55 0.57 0.59 0.58 0.59 0.59 0.59 0.59
Platycleis albopunctata,BN11634,Decticelle chagrinée,Grey Bush-cricket,0,0.768,0.32,summer,0.00 0.00 0.00 0.00 0.00 0.00 0.00 0.00 0.01 0.01 0.01 0.02 0.07 0.15 0.20 0.25 0.34 0.43 0.51 0.56 0.61 0.65 0.67 0.68 0.71 0.73 0.74 0.75 0.75 0.76 0.77 0.76 0.74 0.72 0.70 0.66 0.59 0.43 0.26 0.11 0.01 0.01 0.00 0.00 0.00 0.00 0.00 0.00
Roeseliana roeselii,BN13390,Decticelle bariolée,Roesel's Bush-cricket,0,0.69,0.318,summer,0.00 0.00 0.00 0.00 0.00 0.00 0.00 0.00 0.00 0.01 0.01 0.04 0.09 0.15 0.21 0.28 0.40 0.50 0.56 0.60 0.63 0.65 0.65 0.66 0.67 0.68 0.69 0.68 0.67 0.67 0.66 0.64 0.63 0.62 0.62 0.62 0.65 0.52 0.42 0.23 0.08 0.04 0.01 0.00 0.00 0.00 0.00 0.00
Plectrophenax nivalis,BN11687,Plectrophane des neiges,Snow Bunting,1,0.77,0.315,winter,0.75 0.76 0.74 0.72 0.70 0.67 0.61 0.55 0.46 0.39 0.30 0.24 0.19 0.17 0.14 0.12 0.10 0.08 0.07 0.04 0.02 0.01 0.01 0.01 0.01 0.01 0.01 0.01 0.01 0.01 0.01 0.02 0.05 0.06 0.10 0.14 0.18 0.23 0.31 0.45 0.55 0.64 0.71 0.74 0.76 0.77 0.77 0.76
Ardeola ralloides,BN01213,Crabier chevelu,Squacco Heron,1,0.653,0.314,summer,0.03 0.03 0.03 0.03 0.03 0.04 0.04 0.06 0.10 0.15 0.20 0.28 0.36 0.42 0.50 0.57 0.62 0.65 0.64 0.62 0.56 0.54 0.53 0.51 0.51 0.51 0.51 0.53 0.54 0.54 0.53 0.53 0.51 0.47 0.45 0.39 0.31 0.25 0.21 0.17 0.13 0.10 0.08 0.06 0.04 0.03 0.03 0.03
Bombycilla garrulus,BN01799,Jaseur boréal,Bohemian Waxwing,1,0.655,0.311,winter,0.64 0.65 0.65 0.64 0.65 0.65 0.64 0.63 0.61 0.58 0.57 0.48 0.36 0.27 0.22 0.16 0.11 0.07 0.04 0.03 0.02 0.01 0.01 0.01 0.01 0.00 0.00 0.00 0.00 0.00 0.01 0.01 0.01 0.03 0.03 0.06 0.12 0.18 0.32 0.47 0.56 0.59 0.61 0.63 0.64 0.65 0.65 0.65
Anser cygnoides,BN00825,Oie cygnoïde,Swan Goose,1,0.435,0.307,mixed,0.43 0.43 0.43 0.43 0.42 0.41 0.40 0.39 0.38 0.36 0.32 0.27 0.24 0.20 0.18 0.19 0.19 0.18 0.18 0.16 0.14 0.14 0.13 0.12 0.13 0.14 0.15 0.17 0.21 0.24 0.26 0.29 0.32 0.35 0.36 0.38 0.38 0.40 0.41 0.41 0.42 0.42 0.42 0.42 0.42 0.43 0.43 0.42
Anser serrirostris,BN00830,Oie de la toundra,Tundra Bean Goose,1,0.587,0.305,winter,0.57 0.58 0.57 0.56 0.56 0.54 0.53 0.51 0.48 0.44 0.41 0.36 0.26 0.19 0.15 0.12 0.11 0.10 0.07 0.07 0.05 0.04 0.04 0.04 0.04 0.04 0.04 0.04 0.04 0.04 0.05 0.06 0.08 0.11 0.15 0.28 0.37 0.42 0.46 0.51 0.54 0.56 0.57 0.57 0.59 0.59 0.58 0.58
Puffinus puffinus,BN12806,Puffin des Anglais,Manx Shearwater,1,0.388,0.298,resident,0.22 0.21 0.20 0.20 0.21 0.20 0.21 0.22 0.25 0.25 0.27 0.26 0.28 0.29 0.29 0.30 0.36 0.36 0.37 0.36 0.35 0.32 0.32 0.32 0.31 0.32 0.33 0.33 0.33 0.34 0.36 0.37 0.37 0.37 0.37 0.38 0.38 0.39 0.39 0.38 0.32 0.28 0.27 0.23 0.22 0.22 0.21 0.21
Locustella luscinioides,BN08005,Locustelle luscinioïde,Savi's Warbler,1,0.719,0.296,summer,0.00 0.00 0.00 0.00 0.00 0.00 0.01 0.01 0.03 0.07 0.11 0.36 0.59 0.66 0.71 0.72 0.72 0.69 0.66 0.62 0.59 0.57 0.55 0.53 0.52 0.51 0.51 0.53 0.54 0.56 0.64 0.67 0.55 0.38 0.26 0.15 0.09 0.05 0.04 0.03 0.01 0.00 0.00 0.00 0.00 0.00 0.00 0.00
Sorex araneus,BN14018,Musaraigne Carrelet,Common Shrew,0,0.341,0.294,resident,0.29 0.30 0.31 0.29 0.29 0.28 0.27 0.27 0.27 0.26 0.26 0.25 0.24 0.25 0.25 0.26 0.28 0.29 0.29 0.31 0.31 0.31 0.31 0.31 0.30 0.31 0.30 0.31 0.31 0.31 0.30 0.30 0.31 0.31 0.33 0.34 0.34 0.33 0.34 0.34 0.32 0.29 0.29 0.28 0.27 0.28 0.28 0.28
Anthus petrosus,BN00933,Pipit maritime,European Rock Pipit,1,0.396,0.294,resident,0.37 0.38 0.37 0.36 0.34 0.33 0.32 0.31 0.30 0.30 0.30 0.30 0.27 0.26 0.26 0.25 0.25 0.24 0.24 0.23 0.23 0.22 0.22 0.22 0.21 0.21 0.22 0.22 0.22 0.23 0.23 0.24 0.25 0.25 0.26 0.27 0.31 0.33 0.34 0.37 0.37 0.38 0.40 0.39 0.39 0.38 0.38 0.38
Hydrobates pelagicus,BN06762,Océanite tempête,European Storm Petrel,1,0.416,0.293,mixed,0.17 0.16 0.15 0.15 0.14 0.13 0.13 0.12 0.13 0.13 0.14 0.16 0.23 0.28 0.32 0.33 0.37 0.38 0.39 0.39 0.38 0.37 0.37 0.37 0.36 0.37 0.38 0.38 0.39 0.40 0.40 0.41 0.41 0.42 0.41 0.41 0.41 0.40 0.39 0.38 0.35 0.29 0.26 0.21 0.19 0.18 0.18 0.17
Stercorarius pomarinus,BN14267,Labbe pomarin,Pomarine Jaeger,1,0.415,0.291,resident,0.25 0.25 0.23 0.23 0.23 0.22 0.22 0.22 0.25 0.24 0.25 0.25 0.31 0.33 0.34 0.34 0.35 0.34 0.27 0.23 0.20 0.19 0.18 0.19 0.24 0.23 0.27 0.27 0.29 0.30 0.34 0.35 0.36 0.37 0.37 0.37 0.39 0.40 0.41 0.41 0.41 0.36 0.35 0.29 0.28 0.27 0.26 0.25
Fratercula arctica,BN05683,Macareux moine,Atlantic Puffin,1,0.345,0.281,resident,0.27 0.28 0.26 0.25 0.26 0.26 0.26 0.27 0.28 0.28 0.28 0.29 0.33 0.33 0.33 0.32 0.32 0.30 0.28 0.23 0.21 0.21 0.21 0.23 0.23 0.24 0.26 0.26 0.27 0.29 0.30 0.31 0.31 0.31 0.31 0.31 0.32 0.33 0.34 0.35 0.32 0.29 0.29 0.26 0.26 0.28 0.27 0.27
Eliomys quercinus,BN05026,Lérot commun,European Garden Dormouse,0,0.46,0.28,mixed,0.19 0.19 0.18 0.18 0.16 0.15 0.15 0.14 0.14 0.13 0.12 0.12 0.13 0.17 0.20 0.23 0.26 0.29 0.35 0.36 0.38 0.39 0.40 0.42 0.44 0.45 0.45 0.46 0.46 0.46 0.46 0.44 0.42 0.42 0.41 0.37 0.33 0.30 0.28 0.24 0.23 0.21 0.21 0.19 0.19 0.19 0.19 0.19
Conocephalus fuscus,BN03569,Conocéphale bigarré,Long-winged Conehead,0,0.729,0.274,summer,0.00 0.00 0.00 0.00 0.00 0.00 0.00 0.00 0.00 0.00 0.00 0.00 0.00 0.01 0.01 0.04 0.05 0.10 0.13 0.18 0.22 0.28 0.45 0.56 0.64 0.68 0.70 0.72 0.72 0.73 0.73 0.72 0.72 0.71 0.71 0.69 0.68 0.61 0.53 0.38 0.19 0.10 0.07 0.04 0.02 0.01 0.00 0.00
Larus hyperboreus,BN07552,Goéland bourgmestre,Glaucous Gull,1,0.467,0.269,mixed,0.45 0.47 0.46 0.46 0.46 0.44 0.43 0.41 0.39 0.37 0.35 0.31 0.28 0.28 0.25 0.23 0.21 0.20 0.18 0.16 0.15 0.12 0.12 0.09 0.09 0.08 0.08 0.08 0.09 0.09 0.09 0.11 0.12 0.13 0.14 0.16 0.19 0.23 0.26 0.29 0.35 0.40 0.44 0.43 0.44 0.45 0.45 0.45
Hyla arborea,BN06796,Rainette verte,European Tree Frog,0,0.442,0.267,summer,0.04 0.04 0.04 0.04 0.05 0.07 0.08 0.13 0.20 0.28 0.34 0.41 0.43 0.44 0.44 0.43 0.42 0.42 0.42 0.39 0.38 0.37 0.36 0.35 0.35 0.35 0.35 0.35 0.35 0.36 0.36 0.36 0.36 0.36 0.38 0.38 0.36 0.34 0.30 0.27 0.19 0.13 0.09 0.06 0.04 0.04 0.04 0.04
Calidris temminckii,BN02162,Bécasseau de Temminck,Temminck's Stint,1,0.653,0.267,mixed,0.09 0.07 0.07 0.08 0.08 0.08 0.08 0.08 0.11 0.13 0.17 0.23 0.30 0.38 0.46 0.49 0.50 0.44 0.38 0.30 0.22 0.19 0.17 0.17 0.17 0.21 0.26 0.34 0.40 0.50 0.57 0.63 0.65 0.63 0.59 0.55 0.41 0.32 0.26 0.20 0.16 0.14 0.12 0.11 0.09 0.08 0.08 0.08
Sterna paradisaea,BN14275,Sterne arctique,Arctic Tern,1,0.469,0.265,summer,0.04 0.04 0.03 0.04 0.04 0.04 0.05 0.07 0.10 0.14 0.20 0.24 0.27 0.31 0.34 0.36 0.44 0.42 0.38 0.36 0.34 0.33 0.33 0.34 0.33 0.33 0.38 0.37 0.39 0.41 0.45 0.46 0.47 0.47 0.46 0.45 0.45 0.44 0.42 0.38 0.23 0.18 0.15 0.09 0.06 0.05 0.04 0.04
Halichoerus grypus,BN06371,Phoque gris,Grey Seal,0,0.305,0.263,resident,0.28 0.28 0.27 0.27 0.27 0.27 0.27 0.27 0.28 0.29 0.28 0.28 0.28 0.26 0.25 0.24 0.23 0.23 0.24 0.24 0.25 0.26 0.27 0.27 0.27 0.26 0.27 0.27 0.25 0.23 0.23 0.23 0.23 0.23 0.23 0.24 0.25 0.25 0.26 0.28 0.30 0.31 0.30 0.28 0.28 0.28 0.28 0.28
Carduelis citrinella,BN02429,Venturon montagnard,Citril Finch,1,0.301,0.263,resident,0.30 0.29 0.29 0.29 0.29 0.29 0.29 0.28 0.27 0.28 0.27 0.27 0.27 0.26 0.26 0.26 0.25 0.25 0.24 0.24 0.24 0.24 0.24 0.24 0.23 0.23 0.23 0.23 0.23 0.22 0.22 0.22 0.23 0.23 0.23 0.25 0.26 0.27 0.28 0.29 0.30 0.30 0.30 0.30 0.30 0.30 0.30 0.30
Pavo cristatus,BN10783,Paon bleu,Indian Peafowl,1,0.318,0.262,resident,0.26 0.27 0.27 0.26 0.26 0.26 0.25 0.26 0.27 0.28 0.30 0.32 0.32 0.31 0.30 0.31 0.31 0.30 0.29 0.27 0.26 0.25 0.24 0.23 0.22 0.22 0.23 0.24 0.25 0.25 0.25 0.26 0.26 0.26 0.26 0.27 0.27 0.26 0.25 0.24 0.24 0.25 0.26 0.25 0.24 0.24 0.25 0.25
Lyrurus tetrix,BN08208,Tétras lyre,Black Grouse,1,0.374,0.26,mixed,0.36 0.37 0.37 0.36 0.34 0.34 0.33 0.32 0.30 0.29 0.28 0.27 0.26 0.26 0.26 0.26 0.24 0.24 0.23 0.22 0.22 0.20 0.20 0.18 0.17 0.16 0.15 0.15 0.15 0.15 0.16 0.17 0.18 0.18 0.19 0.20 0.21 0.22 0.24 0.29 0.32 0.34 0.34 0.36 0.37 0.37 0.36 0.36
Gypaetus barbatus,BN06298,Gypaète barbu,Bearded Vulture,1,0.295,0.26,resident,0.27 0.27 0.27 0.27 0.28 0.28 0.28 0.29 0.30 0.30 0.29 0.29 0.29 0.28 0.28 0.28 0.27 0.26 0.26 0.24 0.24 0.23 0.22 0.22 0.22 0.22 0.22 0.22 0.23 0.23 0.23 0.24 0.24 0.24 0.25 0.26 0.26 0.27 0.27 0.27 0.28 0.27 0.27 0.27 0.27 0.27 0.27 0.27
Glaucidium passerinum,BN06055,Chevêchette d'Europe,Eurasian Pygmy Owl,1,0.348,0.259,resident,0.33 0.34 0.35 0.34 0.35 0.35 0.34 0.34 0.33 0.31 0.29 0.27 0.26 0.25 0.24 0.23 0.22 0.21 0.21 0.20 0.19 0.19 0.18 0.18 0.18 0.18 0.18 0.18 0.18 0.18 0.19 0.19 0.19 0.20 0.21 0.22 0.23 0.26 0.27 0.29 0.30 0.32 0.33 0.33 0.33 0.33 0.33 0.33
Pyrrhocorax graculus,BN12894,Chocard à bec jaune,Alpine Chough,1,0.295,0.259,resident,0.28 0.28 0.28 0.28 0.28 0.27 0.27 0.27 0.26 0.26 0.25 0.25 0.24 0.24 0.25 0.25 0.26 0.26 0.25 0.26 0.25 0.24 0.23 0.23 0.23 0.22 0.22 0.22 0.22 0.22 0.23 0.24 0.24 0.25 0.26 0.26 0.28 0.28 0.29 0.30 0.29 0.29 0.29 0.28 0.28 0.28 0.28 0.28
Passer italiae,BN10724,Moineau cisalpin,Italian Sparrow,1,0.311,0.258,resident,0.30 0.30 0.29 0.29 0.29 0.28 0.28 0.27 0.27 0.26 0.27 0.26 0.25 0.25 0.24 0.23 0.22 0.22 0.22 0.22 0.21 0.21 0.21 0.21 0.21 0.22 0.22 0.22 0.22 0.22 0.22 0.23 0.24 0.24 0.25 0.26 0.27 0.28 0.29 0.30 0.31 0.31 0.31 0.31 0.31 0.31 0.30 0.30
Glis glis,BN06073,Loir Gris,European Fat Dormouse,0,0.473,0.257,mixed,0.17 0.16 0.16 0.15 0.13 0.12 0.11 0.10 0.10 0.09 0.08 0.07 0.07 0.07 0.08 0.09 0.09 0.11 0.14 0.20 0.23 0.26 0.30 0.34 0.37 0.41 0.43 0.45 0.45 0.46 0.47 0.47 0.47 0.47 0.46 0.45 0.44 0.43 0.41 0.39 0.34 0.30 0.26 0.22 0.21 0.19 0.18 0.17
Falco vespertinus,BN05564,Faucon kobez,Red-footed Falcon,1,0.739,0.256,mixed,0.00 0.00 0.00 0.00 0.00 0.00 0.00 0.00 0.00 0.01 0.02 0.08 0.15 0.24 0.43 0.59 0.72 0.74 0.70 0.61 0.46 0.34 0.28 0.24 0.22 0.22 0.23 0.24 0.29 0.37 0.47 0.57 0.65 0.70 0.70 0.65 0.55 0.38 0.20 0.11 0.04 0.03 0.01 0.00 0.00 0.00 0.00 0.00
Calidris maritima,BN02150,Bécasseau violet,Purple Sandpiper,1,0.358,0.253,mixed,0.36 0.36 0.35 0.35 0.34 0.33 0.31 0.30 0.29 0.28 0.27 0.26 0.24 0.23 0.22 0.21 0.21 0.20 0.19 0.17 0.16 0.15 0.14 0.14 0.13 0.14 0.14 0.15 0.16 0.17 0.18 0.19 0.20 0.21 0.23 0.25 0.26 0.29 0.30 0.32 0.33 0.35 0.35 0.35 0.35 0.35 0.36 0.36
Threskiornis aethiopicus,BN14980,Ibis sacré,African Sacred Ibis,1,0.396,0.253,mixed,0.29 0.29 0.29 0.30 0.30 0.30 0.31 0.32 0.35 0.37 0.38 0.40 0.37 0.33 0.28 0.22 0.19 0.18 0.17 0.15 0.14 0.14 0.14 0.13 0.13 0.13 0.14 0.14 0.14 0.14 0.15 0.16 0.20 0.23 0.26 0.31 0.33 0.33 0.32 0.33 0.32 0.31 0.31 0.30 0.28 0.27 0.27 0.28
Aythya collaris,BN01549,Fuligule à collier,Ring-necked Duck,1,0.491,0.252,winter,0.48 0.49 0.49 0.48 0.47 0.47 0.45 0.44 0.42 0.40 0.37 0.30 0.23 0.17 0.14 0.12 0.10 0.10 0.10 0.09 0.08 0.07 0.07 0.07 0.07 0.06 0.06 0.06 0.06 0.06 0.06 0.07 0.08 0.09 0.10 0.10 0.13 0.20 0.26 0.34 0.40 0.43 0.47 0.48 0.48 0.49 0.49 0.48
Picus sharpei,BN11498,Pic de Sharpe,Iberian Green Woodpecker,1,0.303,0.251,resident,0.30 0.30 0.30 0.30 0.30 0.30 0.30 0.29 0.29 0.28 0.26 0.25 0.24 0.23 0.23 0.23 0.23 0.22 0.22 0.22 0.22 0.21 0.21 0.21 0.20 0.20 0.20 0.21 0.21 0.22 0.21 0.21 0.22 0.22 0.22 0.23 0.23 0.24 0.26 0.27 0.28 0.28 0.29 0.30 0.30 0.30 0.30 0.30
Acrocephalus palustris,BN00093,Rousserolle verderolle,Marsh Warbler,1,0.747,0.25,summer,0.00 0.00 0.00 0.00 0.00 0.00 0.00 0.00 0.00 0.01 0.02 0.03 0.07 0.14 0.23 0.43 0.59 0.69 0.73 0.75 0.73 0.68 0.65 0.61 0.59 0.57 0.55 0.53 0.52 0.52 0.52 0.48 0.41 0.35 0.26 0.15 0.08 0.04 0.03 0.02 0.02 0.01 0.00 0.00 0.00 0.00 0.00 0.00
Oxyura jamaicensis,BN10445,Érismature rousse,Ruddy Duck,1,0.416,0.25,mixed,0.41 0.40 0.39 0.38 0.37 0.36 0.34 0.34 0.33 0.32 0.31 0.29 0.26 0.23 0.19 0.16 0.13 0.12 0.11 0.11 0.11 0.11 0.11 0.10 0.10 0.10 0.10 0.11 0.11 0.11 0.11 0.11 0.14 0.16 0.18 0.21 0.26 0.29 0.33 0.37 0.38 0.40 0.41 0.42 0.42 0.41 0.41 0.40
Lanius meridionalis,BN07518,Pie-grièche méridionale,Iberian Grey Shrike,1,0.321,0.248,resident,0.31 0.31 0.31 0.31 0.30 0.29 0.29 0.29 0.27 0.26 0.24 0.23 0.22 0.21 0.20 0.20 0.20 0.20 0.19 0.19 0.19 0.19 0.19 0.19 0.19 0.19 0.19 0.19 0.19 0.20 0.20 0.21 0.21 0.22 0.23 0.24 0.26 0.27 0.28 0.29 0.30 0.31 0.31 0.32 0.32 0.32 0.32 0.32
Aegypius monachus,BN00187,Vautour moine,Cinereous Vulture,1,0.266,0.246,resident,0.25 0.25 0.25 0.25 0.25 0.25 0.25 0.25 0.25 0.25 0.26 0.26 0.26 0.27 0.26 0.26 0.26 0.25 0.25 0.24 0.23 0.23 0.23 0.23 0.24 0.24 0.24 0.24 0.25 0.25 0.26 0.26 0.26 0.25 0.24 0.24 0.24 0.23 0.23 0.23 0.23 0.23 0.24 0.24 0.24 0.24 0.25 0.25
Globicephala melas,BN06075,globicéphale noir,Long-finned Pilot Whale,0,0.331,0.243,resident,0.19 0.21 0.20 0.18 0.18 0.18 0.18 0.18 0.18 0.18 0.19 0.22 0.26 0.26 0.30 0.32 0.33 0.33 0.32 0.31 0.30 0.28 0.27 0.29 0.27 0.28 0.28 0.27 0.28 0.29 0.30 0.30 0.29 0.29 0.24 0.19 0.23 0.19 0.30 0.29 0.23 0.19 0.19 0.18 0.18 0.19 0.19 0.19
Cygnus columbianus,BN04212,Cygne siffleur,Tundra Swan,1,0.574,0.242,winter,0.55 0.57 0.57 0.54 0.53 0.52 0.50 0.48 0.44 0.38 0.30 0.19 0.12 0.10 0.08 0.07 0.06 0.05 0.04 0.03 0.03 0.02 0.02 0.01 0.01 0.01 0.02 0.01 0.01 0.01 0.02 0.03 0.04 0.05 0.06 0.07 0.09 0.16 0.26 0.36 0.44 0.48 0.51 0.53 0.55 0.56 0.56 0.55
Linaria flavirostris,BN07916,Linotte à bec jaune,Twite,1,0.491,0.242,mixed,0.47 0.48 0.47 0.44 0.43 0.42 0.38 0.33 0.24 0.19 0.17 0.17 0.15 0.13 0.12 0.10 0.09 0.09 0.10 0.11 0.11 0.10 0.10 0.11 0.10 0.09 0.10 0.10 0.10 0.10 0.10 0.11 0.12 0.11 0.13 0.15 0.17 0.21 0.27 0.36 0.43 0.45 0.47 0.48 0.49 0.49 0.49 0.48
Coracias garrulus,BN03660,Rollier d'Europe,European Roller,1,0.646,0.241,summer,0.00 0.00 0.00 0.00 0.00 0.00 0.00 0.00 0.00 0.00 0.01 0.03 0.06 0.13 0.23 0.33 0.44 0.53 0.63 0.65 0.63 0.59 0.57 0.56 0.56 0.55 0.55 0.56 0.55 0.56 0.54 0.50 0.45 0.39 0.34 0.27 0.17 0.09 0.05 0.02 0.01 0.00 0.00 0.00 0.00 0.00 0.00 0.00
Eumodicogryllus bordigalensis,BN05362,Grillon bordelais,Verge Cricket,0,0.604,0.239,summer,0.04 0.04 0.04 0.04 0.05 0.06 0.07 0.08 0.09 0.11 0.12 0.14 0.15 0.15 0.16 0.17 0.19 0.22 0.27 0.31 0.36 0.40 0.43 0.47 0.52 0.56 0.59 0.60 0.60 0.58 0.54 0.51 0.46 0.43 0.39 0.34 0.26 0.20 0.16 0.12 0.09 0.06 0.05 0.05 0.04 0.04 0.04 0.04
Apus pallidus,BN01100,Martinet pâle,Pallid Swift,1,0.42,0.239,summer,0.02 0.02 0.02 0.02 0.03 0.04 0.04 0.06 0.10 0.16 0.22 0.30 0.33 0.35 0.38 0.40 0.41 0.41 0.42 0.41 0.39 0.38 0.38 0.38 0.38 0.38 0.39 0.39 0.39 0.40 0.40 0.41 0.39 0.38 0.37 0.34 0.30 0.22 0.17 0.13 0.09 0.06 0.04 0.03 0.02 0.02 0.02 0.02
Sciurus carolinensis,BN13667,Écureuil gris,Eastern Gray Squirrel,0,0.332,0.238,resident,0.31 0.32 0.31 0.29 0.28 0.27 0.26 0.26 0.25 0.26 0.26 0.25 0.24 0.22 0.20 0.19 0.18 0.18 0.18 0.17 0.16 0.17 0.17 0.17 0.17 0.17 0.17 0.17 0.17 0.17 0.17 0.17 0.19 0.20 0.21 0.22 0.26 0.27 0.29 0.32 0.33 0.32 0.32 0.32 0.32 0.32 0.32 0.31
Myrmeleotettix maculatus,BN09426,Gomphocère tacheté,Mottled Grasshopper,0,0.601,0.235,summer,0.01 0.01 0.00 0.00 0.00 0.00 0.00 0.00 0.00 0.01 0.01 0.02 0.02 0.05 0.09 0.14 0.17 0.18 0.21 0.25 0.28 0.33 0.36 0.40 0.49 0.53 0.56 0.57 0.58 0.59 0.60 0.59 0.59 0.59 0.58 0.57 0.52 0.41 0.31 0.23 0.14 0.09 0.05 0.03 0.03 0.02 0.02 0.02
Larus glaucoides,BN07550,Goéland arctique,Iceland Gull,1,0.412,0.232,winter,0.40 0.41 0.41 0.40 0.40 0.39 0.38 0.37 0.37 0.35 0.32 0.31 0.29 0.25 0.23 0.21 0.18 0.15 0.14 0.13 0.11 0.08 0.07 0.05 0.03 0.03 0.03 0.04 0.06 0.07 0.07 0.09 0.10 0.11 0.12 0.14 0.16 0.18 0.21 0.24 0.31 0.36 0.39 0.40 0.40 0.41 0.40 0.40
Gomphocerippus rufus,BN06089,Gomphocère roux,Rufous Grasshopper,0,0.558,0.228,summer,0.03 0.01 0.00 0.00 0.00 0.00 0.00 0.00 0.00 0.00 0.00 0.00 0.00 0.00 0.00 0.00 0.00 0.02 0.05 0.09 0.13 0.16 0.19 0.30 0.38 0.45 0.50 0.52 0.55 0.55 0.56 0.55 0.55 0.55 0.54 0.54 0.52 0.51 0.49 0.45 0.41 0.38 0.32 0.23 0.17 0.11 0.07 0.04
Chorthippus biguttulus,BN03000,Criquet mélodieux,Bow-winged Grasshopper,0,0.536,0.224,summer,0.04 0.02 0.02 0.01 0.01 0.01 0.01 0.01 0.01 0.01 0.01 0.00 0.01 0.01 0.01 0.02 0.05 0.07 0.10 0.13 0.15 0.17 0.20 0.26 0.37 0.40 0.44 0.47 0.49 0.50 0.50 0.50 0.50 0.50 0.50 0.51 0.54 0.50 0.49 0.48 0.46 0.41 0.35 0.24 0.13 0.08 0.05 0.04
Ruspolia nitidula,BN13435,Ruspolie à tête de cône,Large Conehead,0,0.744,0.222,summer,0.00 0.00 0.00 0.00 0.00 0.00 0.00 0.00 0.00 0.00 0.00 0.00 0.00 0.00 0.00 0.00 0.00 0.00 0.00 0.02 0.06 0.13 0.23 0.39 0.54 0.61 0.66 0.70 0.72 0.74 0.74 0.74 0.73 0.71 0.68 0.64 0.56 0.44 0.31 0.19 0.08 0.02 0.01 0.00 0.00 0.00 0.00 0.00
Phoca vitulina,BN11171,Phoque veau-marin,Harbor Seal,0,0.264,0.222,resident,0.25 0.25 0.26 0.25 0.25 0.25 0.25 0.25 0.25 0.24 0.24 0.23 0.21 0.21 0.20 0.19 0.19 0.19 0.19 0.19 0.19 0.19 0.19 0.19 0.19 0.19 0.20 0.20 0.20 0.21 0.21 0.21 0.20 0.20 0.21 0.22 0.26 0.24 0.23 0.24 0.24 0.24 0.25 0.25 0.24 0.24 0.25 0.25
Hippolais icterina,BN06650,Hypolaïs ictérine,Icterine Warbler,1,0.665,0.222,summer,0.00 0.00 0.00 0.00 0.00 0.00 0.00 0.00 0.00 0.00 0.00 0.02 0.07 0.17 0.27 0.39 0.57 0.62 0.66 0.66 0.63 0.59 0.54 0.52 0.50 0.48 0.47 0.47 0.47 0.48 0.49 0.45 0.35 0.27 0.21 0.12 0.07 0.03 0.02 0.01 0.00 0.00 0.00 0.00 0.00 0.00 0.00 0.00
Stenobothrus lineatus,BN14253,Sténobothre ligné,Stripe-winged Grasshopper,0,0.545,0.219,summer,0.00 0.00 0.00 0.00 0.00 0.00 0.00 0.00 0.00 0.00 0.00 0.00 0.00 0.00 0.02 0.05 0.10 0.16 0.20 0.26 0.31 0.37 0.44 0.48 0.51 0.52 0.54 0.54 0.54 0.55 0.54 0.54 0.53 0.52 0.51 0.50 0.48 0.43 0.37 0.25 0.13 0.03 0.02 0.01 0.00 0.00 0.00 0.00
Decticus verrucivorus,BN04360,Dectique verrucivore,Wart-biter,0,0.527,0.217,summer,0.00 0.00 0.00 0.00 0.00 0.00 0.00 0.00 0.01 0.01 0.02 0.04 0.07 0.09 0.14 0.21 0.27 0.31 0.37 0.42 0.46 0.49 0.51 0.52 0.53 0.52 0.52 0.52 0.50 0.49 0.47 0.46 0.44 0.41 0.40 0.36 0.32 0.26 0.16 0.08 0.02 0.01 0.00 0.00 0.00 0.00 0.00 0.00
Aquila fasciata,BN01107,Aigle de Bonelli,Bonelli's Eagle,1,0.256,0.216,resident,0.21 0.21 0.21 0.21 0.21 0.21 0.21 0.21 0.22 0.23 0.23 0.24 0.24 0.25 0.25 0.25 0.26 0.25 0.24 0.23 0.21 0.21 0.21 0.20 0.20 0.20 0.19 0.19 0.19 0.18 0.19 0.20 0.20 0.21 0.21 0.22 0.23 0.22 0.22 0.22 0.22 0.21 0.21 0.21 0.21 0.21 0.21 0.21
Omocestus viridulus,BN10141,Criquet verdelet,Common Green Grasshopper,0,0.602,0.214,summer,0.00 0.00 0.00 0.00 0.00 0.00 0.00 0.00 0.00 0.00 0.00 0.00 0.01 0.02 0.05 0.07 0.13 0.17 0.24 0.28 0.32 0.37 0.44 0.50 0.54 0.57 0.59 0.60 0.60 0.60 0.59 0.58 0.56 0.54 0.50 0.41 0.33 0.26 0.18 0.10 0.06 0.03 0.02 0.00 0.00 0.00 0.00 0.00
Oecanthus pellucens,BN10057,Grillon d'Italie,Italian Tree Cricket,0,0.706,0.213,summer,0.00 0.00 0.00 0.00 0.00 0.00 0.00 0.00 0.00 0.00 0.00 0.00 0.00 0.00 0.00 0.00 0.00 0.00 0.02 0.06 0.10 0.15 0.21 0.26 0.38 0.53 0.64 0.67 0.68 0.69 0.71 0.70 0.68 0.66 0.64 0.61 0.53 0.46 0.35 0.24 0.15 0.06 0.03 0.01 0.01 0.00 0.00 0.00
Anser fabalis,BN00827,Oie des moissons,Taiga Bean Goose,1,0.473,0.213,winter,0.47 0.47 0.46 0.46 0.45 0.43 0.42 0.40 0.36 0.34 0.26 0.17 0.12 0.09 0.07 0.05 0.04 0.03 0.03 0.02 0.02 0.01 0.01 0.01 0.01 0.01 0.02 0.02 0.02 0.02 0.02 0.02 0.03 0.03 0.04 0.06 0.12 0.24 0.33 0.38 0.42 0.45 0.47 0.46 0.47 0.47 0.47 0.47
Falco naumanni,BN05550,Faucon crécerellette,Lesser Kestrel,1,0.43,0.212,summer,0.04 0.04 0.04 0.05 0.06 0.08 0.10 0.11 0.15 0.20 0.25 0.33 0.34 0.37 0.39 0.41 0.43 0.42 0.38 0.35 0.31 0.30 0.28 0.26 0.25 0.24 0.24 0.23 0.23 0.24 0.25 0.27 0.28 0.28 0.28 0.27 0.26 0.23 0.20 0.18 0.13 0.09 0.08 0.06 0.05 0.05 0.04 0.04
Neophron percnopterus,BN09651,Percnoptère d'Égypte,Egyptian Vulture,1,0.348,0.209,summer,0.04 0.04 0.05 0.06 0.08 0.09 0.12 0.14 0.17 0.19 0.22 0.24 0.28 0.29 0.31 0.32 0.34 0.35 0.34 0.33 0.32 0.32 0.31 0.31 0.30 0.30 0.30 0.30 0.29 0.29 0.29 0.29 0.28 0.27 0.26 0.24 0.23 0.21 0.19 0.17 0.13 0.11 0.09 0.07 0.05 0.04 0.04 0.04
Stethophyma grossum,BN14298,Criquet ensanglanté,Large Marsh Grasshopper,0,0.578,0.208,summer,0.00 0.00 0.00 0.00 0.00 0.00 0.00 0.00 0.00 0.00 0.00 0.00 0.00 0.00 0.00 0.01 0.02 0.04 0.06 0.11 0.13 0.17 0.21 0.34 0.47 0.52 0.55 0.56 0.58 0.58 0.58 0.57 0.55 0.54 0.54 0.53 0.52 0.49 0.45 0.38 0.27 0.12 0.06 0.03 0.02 0.01 0.01 0.01
Calandrella brachydactyla,BN02123,Alouette calandrelle,Greater Short-toed Lark,1,0.409,0.206,summer,0.03 0.03 0.03 0.03 0.04 0.04 0.05 0.07 0.11 0.14 0.20 0.24 0.27 0.32 0.35 0.37 0.40 0.41 0.40 0.39 0.37 0.35 0.34 0.32 0.29 0.28 0.28 0.28 0.27 0.28 0.29 0.31 0.31 0.29 0.28 0.26 0.23 0.21 0.18 0.15 0.09 0.06 0.05 0.04 0.04 0.03 0.03 0.03
Bombina variegata,BN01766,Sonneur à ventre jaune,Yellow-bellied Toad,0,0.393,0.205,summer,0.00 0.00 0.00 0.00 0.00 0.00 0.00 0.01 0.02 0.07 0.14 0.25 0.29 0.32 0.34 0.37 0.38 0.38 0.39 0.39 0.39 0.39 0.39 0.39 0.39 0.39 0.39 0.38 0.38 0.38 0.37 0.36 0.33 0.32 0.31 0.28 0.24 0.19 0.13 0.05 0.01 0.00 0.00 0.00 0.00 0.00 0.00 0.00
Ardenna grisea,BN01207,Puffin fuligineux,Sooty Shearwater,1,0.371,0.203,mixed,0.11 0.08 0.07 0.06 0.06 0.05 0.05 0.05 0.06 0.06 0.07 0.10 0.17 0.20 0.24 0.22 0.28 0.25 0.19 0.18 0.16 0.16 0.16 0.16 0.18 0.19 0.27 0.27 0.28 0.29 0.33 0.34 0.34 0.35 0.36 0.36 0.36 0.37 0.36 0.36 0.29 0.26 0.24 0.19 0.17 0.15 0.14 0.12
Passer hispaniolensis,BN10721,Moineau espagnol,Spanish Sparrow,1,0.232,0.202,resident,0.19 0.19 0.18 0.18 0.18 0.19 0.19 0.19 0.20 0.20 0.20 0.21 0.22 0.23 0.23 0.23 0.23 0.23 0.22 0.22 0.22 0.22 0.21 0.21 0.21 0.21 0.21 0.21 0.21 0.21 0.20 0.20 0.20 0.20 0.20 0.19 0.18 0.18 0.18 0.18 0.19 0.19 0.19 0.19 0.19 0.19 0.19 0.19
Branta ruficollis,BN01901,Bernache à cou roux,Red-breasted Goose,1,0.438,0.199,winter,0.42 0.44 0.43 0.43 0.42 0.42 0.41 0.40 0.35 0.30 0.24 0.18 0.14 0.12 0.11 0.08 0.07 0.06 0.06 0.05 0.05 0.04 0.04 0.04 0.04 0.04 0.04 0.03 0.03 0.03 0.04 0.04 0.05 0.05 0.06 0.07 0.09 0.12 0.17 0.24 0.31 0.36 0.39 0.40 0.41 0.41 0.42 0.42
Calonectris diomedea,BN02220,Puffin de Scopoli,Scopoli's Shearwater,1,0.369,0.199,summer,0.05 0.05 0.04 0.05 0.05 0.05 0.06 0.06 0.08 0.09 0.12 0.14 0.18 0.22 0.27 0.33 0.35 0.35 0.35 0.29 0.25 0.25 0.28 0.26 0.32 0.32 0.33 0.33 0.35 0.35 0.36 0.37 0.37 0.36 0.29 0.27 0.23 0.22 0.18 0.16 0.12 0.08 0.07 0.06 0.05 0.05 0.05 0.05
Callonetta leucophrys,BN02201,Canard à collier noir,Ringed Teal,1,0.304,0.197,mixed,0.30 0.30 0.30 0.30 0.29 0.27 0.26 0.23 0.21 0.18 0.15 0.13 0.12 0.12 0.11 0.11 0.11 0.11 0.12 0.13 0.13 0.13 0.13 0.13 0.13 0.13 0.13 0.14 0.14 0.14 0.14 0.15 0.17 0.19 0.20 0.20 0.20 0.22 0.24 0.26 0.27 0.28 0.30 0.30 0.30 0.30 0.30 0.30
Phylloscopus inornatus,BN11348,Pouillot à grands sourcils,Yellow-browed Warbler,1,0.77,0.195,mixed,0.17 0.16 0.15 0.14 0.13 0.12 0.12 0.12 0.13 0.13 0.14 0.12 0.13 0.12 0.11 0.09 0.08 0.06 0.03 0.02 0.01 0.00 0.00 0.00 0.00 0.00 0.00 0.00 0.01 0.02 0.04 0.10 0.14 0.18 0.30 0.46 0.68 0.77 0.75 0.72 0.63 0.52 0.45 0.36 0.29 0.23 0.21 0.19
Ephippiger diurnus,BN05151,Ephippigère des vignes,Western Saddle Bush-cricket,0,0.477,0.192,summer,0.04 0.02 0.02 0.01 0.01 0.01 0.01 0.01 0.01 0.01 0.01 0.01 0.01 0.01 0.02 0.05 0.06 0.08 0.10 0.13 0.16 0.18 0.22 0.26 0.31 0.35 0.40 0.42 0.43 0.44 0.44 0.45 0.45 0.45 0.46 0.48 0.47 0.44 0.42 0.35 0.27 0.18 0.15 0.12 0.10 0.07 0.06 0.05
Gryllotalpa gryllotalpa,BN06209,Courtilière commune,European Mole Cricket,0,0.395,0.192,summer,0.03 0.03 0.03 0.03 0.03 0.03 0.03 0.04 0.05 0.06 0.10 0.17 0.24 0.30 0.35 0.38 0.38 0.39 0.39 0.39 0.38 0.37 0.36 0.36 0.35 0.33 0.31 0.30 0.30 0.29 0.29 0.27 0.26 0.24 0.22 0.21 0.19 0.16 0.12 0.11 0.07 0.05 0.04 0.04 0.03 0.03 0.03 0.03
Curruca iberiae,BN04080,Fauvette passerinette,Western Subalpine Warbler,1,0.423,0.192,summer,0.00 0.00 0.00 0.00 0.00 0.01 0.02 0.06 0.12 0.16 0.20 0.28 0.33 0.36 0.39 0.42 0.42 0.41 0.39 0.36 0.33 0.32 0.30 0.29 0.29 0.29 0.29 0.29 0.29 0.31 0.32 0.31 0.31 0.29 0.26 0.23 0.19 0.16 0.12 0.08 0.03 0.01 0.01 0.00 0.00 0.00 0.00 0.00
Myiopsitta monachus,BN09305,Perriche veuve,Monk Parakeet,1,0.287,0.191,mixed,0.29 0.28 0.27 0.27 0.26 0.24 0.23 0.22 0.22 0.21 0.21 0.20 0.20 0.19 0.17 0.15 0.13 0.12 0.11 0.11 0.10 0.10 0.09 0.10 0.10 0.10 0.11 0.11 0.12 0.12 0.13 0.13 0.14 0.17 0.19 0.20 0.22 0.23 0.24 0.24 0.25 0.25 0.26 0.27 0.28 0.29 0.29 0.29
Hyla meridionalis,BN06802,Rainette Meridionale,Mediterranean Tree Frog,0,0.278,0.19,resident,0.13 0.13 0.14 0.14 0.15 0.17 0.19 0.21 0.23 0.25 0.26 0.27 0.28 0.28 0.26 0.26 0.24 0.24 0.22 0.21 0.20 0.20 0.20 0.19 0.20 0.20 0.20 0.19 0.19 0.18 0.18 0.19 0.19 0.19 0.20 0.20 0.20 0.18 0.17 0.16 0.14 0.13 0.12 0.12 0.12 0.13 0.12 0.13
Gelochelidon nilotica,BN05905,Sterne hansel,Gull-billed Tern,1,0.45,0.19,summer,0.01 0.01 0.01 0.01 0.01 0.01 0.02 0.03 0.05 0.09 0.12 0.19 0.25 0.34 0.45 0.42 0.45 0.45 0.43 0.40 0.37 0.37 0.37 0.34 0.34 0.33 0.32 0.32 0.31 0.30 0.31 0.31 0.27 0.23 0.19 0.17 0.13 0.10 0.08 0.06 0.04 0.03 0.02 0.02 0.02 0.01 0.01 0.01
Galerida theklae,BN05775,Cochevis de Thékla,Thekla's Lark,1,0.214,0.19,resident,0.20 0.20 0.19 0.20 0.20 0.20 0.20 0.20 0.20 0.20 0.20 0.20 0.21 0.21 0.21 0.21 0.21 0.21 0.21 0.20 0.19 0.18 0.18 0.16 0.16 0.16 0.16 0.16 0.16 0.17 0.18 0.18 0.18 0.18 0.18 0.18 0.18 0.17 0.18 0.19 0.19 0.19 0.19 0.19 0.19 0.19 0.20 0.20
Calcarius lapponicus,BN02127,Plectrophane lapon,Lapland Longspur,1,0.388,0.189,winter,0.38 0.38 0.38 0.34 0.32 0.30 0.26 0.24 0.22 0.19 0.17 0.15 0.14 0.14 0.13 0.12 0.10 0.08 0.04 0.02 0.01 0.01 0.01 0.01 0.01 0.01 0.01 0.01 0.01 0.02 0.04 0.09 0.13 0.20 0.18 0.19 0.27 0.23 0.26 0.28 0.32 0.34 0.37 0.39 0.39 0.39 0.38 0.38
Aegolius funereus,BN00173,Nyctale de Tengmalm,Boreal Owl,1,0.283,0.188,resident,0.20 0.22 0.23 0.23 0.24 0.25 0.25 0.26 0.28 0.28 0.28 0.28 0.27 0.26 0.25 0.25 0.24 0.22 0.21 0.21 0.19 0.18 0.16 0.15 0.14 0.13 0.11 0.09 0.09 0.09 0.09 0.09 0.10 0.10 0.11 0.11 0.14 0.16 0.17 0.19 0.19 0.19 0.19 0.18 0.19 0.19 0.19 0.20
Rupicapra rupicapra,BN13425,Chamois,Northern Chamois,0,0.223,0.187,resident,0.22 0.22 0.22 0.22 0.22 0.21 0.21 0.21 0.20 0.19 0.19 0.18 0.18 0.17 0.17 0.17 0.16 0.16 0.16 0.16 0.16 0.16 0.16 0.16 0.16 0.16 0.16 0.16 0.16 0.16 0.17 0.17 0.17 0.17 0.17 0.17 0.18 0.19 0.20 0.21 0.21 0.21 0.22 0.22 0.22 0.22 0.22 0.22
Eremophila alpestris,BN05213,Alouette hausse-col,Horned Lark,1,0.382,0.187,winter,0.35 0.36 0.35 0.34 0.33 0.31 0.28 0.25 0.21 0.17 0.15 0.12 0.11 0.11 0.11 0.10 0.10 0.09 0.08 0.08 0.07 0.06 0.06 0.05 0.04 0.05 0.05 0.05 0.05 0.05 0.08 0.10 0.12 0.13 0.14 0.15 0.17 0.20 0.22 0.26 0.32 0.35 0.38 0.38 0.38 0.38 0.37 0.36
Balaenoptera physalus,BN01569,rorqual commun,Fin Whale,0,0.341,0.185,summer,0.02 0.02 0.03 0.03 0.03 0.03 0.03 0.04 0.06 0.08 0.09 0.10 0.17 0.21 0.24 0.24 0.29 0.29 0.27 0.24 0.20 0.21 0.23 0.27 0.28 0.28 0.32 0.32 0.32 0.33 0.34 0.34 0.34 0.34 0.34 0.33 0.31 0.28 0.26 0.21 0.14 0.10 0.09 0.06 0.04 0.04 0.03 0.03
Canis lupus,BN02331,Loup gris,Gray Wolf,0,0.286,0.182,mixed,0.27 0.28 0.29 0.28 0.28 0.27 0.27 0.26 0.26 0.23 0.22 0.20 0.19 0.19 0.18 0.16 0.15 0.15 0.14 0.14 0.13 0.13 0.12 0.12 0.12 0.12 0.12 0.12 0.12 0.12 0.12 0.12 0.11 0.10 0.11 0.11 0.10 0.11 0.13 0.16 0.18 0.21 0.22 0.25 0.26 0.26 0.26 0.26
Chrysochraon dispar,BN03033,Criquet des clairières,Gold Grasshopper,0,0.489,0.181,summer,0.00 0.00 0.00 0.00 0.00 0.00 0.00 0.00 0.00 0.00 0.00 0.00 0.00 0.01 0.03 0.07 0.11 0.13 0.18 0.28 0.34 0.38 0.42 0.44 0.46 0.48 0.49 0.49 0.48 0.48 0.47 0.44 0.42 0.40 0.39 0.37 0.33 0.29 0.20 0.09 0.02 0.01 0.00 0.00 0.00 0.00 0.00 0.00
Chorthippus dorsatus,BN03005,Criquet verte-échine,Steppe Grasshopper,0,0.49,0.179,summer,0.00 0.00 0.00 0.00 0.00 0.00 0.00 0.00 0.00 0.00 0.00 0.00 0.00 0.00 0.00 0.00 0.02 0.05 0.08 0.09 0.12 0.14 0.16 0.21 0.32 0.37 0.39 0.42 0.45 0.48 0.49 0.49 0.49 0.49 0.49 0.49 0.48 0.47 0.43 0.38 0.30 0.19 0.07 0.01 0.00 0.00 0.00 0.00
Phylloscopus ibericus,BN11346,Pouillot ibérique,Iberian Chiffchaff,1,0.349,0.176,summer,0.01 0.01 0.01 0.02 0.03 0.04 0.05 0.08 0.12 0.16 0.21 0.26 0.31 0.33 0.34 0.35 0.34 0.34 0.32 0.31 0.29 0.28 0.27 0.27 0.26 0.26 0.26 0.27 0.26 0.27 0.26 0.26 0.25 0.24 0.23 0.21 0.19 0.14 0.11 0.08 0.05 0.04 0.03 0.02 0.01 0.01 0.01 0.01
Chlidonias leucopterus,BN02878,Guifette leucoptère,White-winged Tern,1,0.537,0.176,summer,0.03 0.03 0.02 0.02 0.02 0.02 0.02 0.03 0.03 0.04 0.05 0.06 0.11 0.19 0.30 0.40 0.50 0.54 0.47 0.41 0.34 0.31 0.28 0.26 0.25 0.26 0.27 0.28 0.30 0.32 0.35 0.37 0.33 0.26 0.21 0.17 0.14 0.10 0.07 0.04 0.04 0.04 0.04 0.03 0.03 0.03 0.03 0.03
Eudromias morinellus,BN05330,Pluvier guignard,Eurasian Dotterel,1,0.614,0.173,passage,0.02 0.01 0.01 0.01 0.02 0.02 0.02 0.03 0.07 0.11 0.15 0.20 0.23 0.25 0.26 0.23 0.17 0.12 0.08 0.05 0.04 0.03 0.03 0.03 0.04 0.05 0.07 0.10 0.15 0.30 0.40 0.48 0.56 0.60 0.61 0.60 0.53 0.46 0.36 0.30 0.19 0.11 0.07 0.04 0.03 0.02 0.02 0.02
Anser caerulescens,BN00823,Oie des neiges,Snow Goose,1,0.328,0.173,mixed,0.31 0.32 0.31 0.30 0.29 0.28 0.25 0.23 0.21 0.19 0.16 0.13 0.12 0.11 0.11 0.10 0.09 0.09 0.09 0.08 0.08 0.08 0.08 0.08 0.08 0.08 0.08 0.08 0.08 0.08 0.08 0.08 0.09 0.10 0.10 0.11 0.12 0.14 0.17 0.21 0.27 0.30 0.33 0.33 0.32 0.32 0.32 0.31
Buteo rufinus,BN02025,Buse féroce,Long-legged Buzzard,1,0.29,0.172,mixed,0.28 0.28 0.27 0.26 0.25 0.22 0.21 0.18 0.16 0.14 0.13 0.12 0.12 0.13 0.13 0.12 0.13 0.12 0.09 0.08 0.07 0.06 0.05 0.05 0.05 0.06 0.07 0.08 0.09 0.10 0.12 0.13 0.14 0.16 0.17 0.18 0.20 0.25 0.26 0.28 0.29 0.29 0.29 0.29 0.29 0.28 0.28 0.28
Anthus richardi,BN00935,Pipit de Richard,Richard's Pipit,1,0.426,0.171,winter,0.27 0.27 0.26 0.24 0.23 0.22 0.21 0.21 0.21 0.19 0.19 0.16 0.14 0.11 0.10 0.08 0.06 0.05 0.04 0.03 0.02 0.01 0.01 0.01 0.01 0.01 0.01 0.01 0.01 0.02 0.03 0.05 0.10 0.14 0.18 0.21 0.26 0.34 0.37 0.41 0.43 0.41 0.39 0.35 0.32 0.30 0.29 0.28
Circus macrourus,BN03243,Busard pâle,Pallid Harrier,1,0.482,0.17,passage,0.05 0.05 0.05 0.05 0.06 0.06 0.07 0.08 0.12 0.16 0.22 0.35 0.44 0.47 0.48 0.43 0.36 0.26 0.15 0.08 0.05 0.04 0.03 0.03 0.03 0.03 0.05 0.05 0.06 0.07 0.13 0.21 0.29 0.34 0.39 0.42 0.43 0.38 0.28 0.23 0.13 0.09 0.08 0.07 0.06 0.05 0.05 0.05
Monticola saxatilis,BN09097,Monticole de roche,Common Rock Thrush,1,0.412,0.166,summer,0.00 0.00 0.00 0.00 0.00 0.00 0.00 0.00 0.00 0.02 0.05 0.17 0.26 0.33 0.38 0.39 0.41 0.41 0.41 0.38 0.36 0.34 0.33 0.32 0.31 0.30 0.29 0.29 0.30 0.30 0.29 0.29 0.27 0.24 0.22 0.18 0.10 0.04 0.01 0.00 0.00 0.00 0.00 0.00 0.00 0.00 0.00 0.00
Chorthippus albomarginatus,BN02997,Criquet marginé,Lesser Marsh Grasshopper,0,0.513,0.163,summer,0.00 0.00 0.00 0.00 0.00 0.00 0.00 0.00 0.00 0.00 0.00 0.00 0.00 0.00 0.01 0.02 0.05 0.09 0.13 0.17 0.19 0.21 0.23 0.26 0.35 0.41 0.44 0.47 0.49 0.51 0.51 0.49 0.50 0.48 0.47 0.44 0.33 0.23 0.14 0.08 0.05 0.03 0.01 0.01 0.00 0.00 0.00 0.00
Syrmaticus reevesii,BN14569,Faisan vénéré,Reeves's Pheasant,1,0.23,0.157,mixed,0.20 0.20 0.20 0.20 0.20 0.20 0.19 0.19 0.20 0.21 0.22 0.23 0.23 0.21 0.20 0.18 0.15 0.13 0.11 0.10 0.10 0.09 0.09 0.09 0.09 0.10 0.10 0.10 0.10 0.09 0.09 0.10 0.10 0.11 0.12 0.12 0.14 0.16 0.17 0.18 0.18 0.19 0.19 0.19 0.19 0.20 0.20 0.20
Cepphus grylle,BN02606,Guillemot à miroir,Black Guillemot,1,0.169,0.153,resident,0.14 0.15 0.15 0.15 0.15 0.15 0.15 0.15 0.15 0.15 0.16 0.16 0.16 0.17 0.17 0.16 0.16 0.16 0.16 0.15 0.15 0.15 0.15 0.16 0.14 0.14 0.15 0.15 0.16 0.16 0.16 0.15 0.14 0.15 0.15 0.15 0.16 0.16 0.16 0.16 0.16 0.15 0.15 0.15 0.15 0.15 0.15 0.15
Tetrax tetrax,BN14852,Outarde canepetière,Little Bustard,1,0.202,0.153,resident,0.13 0.13 0.13 0.12 0.12 0.12 0.12 0.13 0.14 0.16 0.17 0.18 0.19 0.20 0.20 0.20 0.20 0.18 0.17 0.15 0.14 0.14 0.13 0.13 0.12 0.12 0.12 0.12 0.13 0.13 0.15 0.16 0.17 0.18 0.18 0.19 0.19 0.18 0.17 0.17 0.16 0.15 0.15 0.14 0.14 0.14 0.14 0.13
Otis tarda,BN10360,Grande Outarde,Great Bustard,1,0.239,0.15,mixed,0.23 0.24 0.23 0.23 0.22 0.20 0.20 0.19 0.18 0.17 0.14 0.12 0.11 0.11 0.10 0.10 0.10 0.10 0.10 0.10 0.10 0.10 0.10 0.09 0.09 0.09 0.09 0.09 0.10 0.10 0.11 0.11 0.11 0.11 0.12 0.12 0.14 0.15 0.16 0.19 0.20 0.22 0.22 0.22 0.23 0.23 0.23 0.23
Muntiacus reevesi,BN09147,Muntjac de Reeves,Reeves's Muntjac,0,0.217,0.149,mixed,0.22 0.22 0.21 0.21 0.21 0.20 0.20 0.19 0.18 0.18 0.17 0.16 0.14 0.14 0.13 0.11 0.11 0.11 0.11 0.10 0.10 0.10 0.10 0.09 0.09 0.09 0.09 0.09 0.09 0.09 0.10 0.10 0.10 0.10 0.10 0.11 0.13 0.15 0.17 0.19 0.20 0.21 0.21 0.21 0.21 0.21 0.22 0.22
Anthus cervinus,BN00909,Pipit à gorge rousse,Red-throated Pipit,1,0.561,0.149,passage,0.05 0.04 0.04 0.04 0.04 0.04 0.04 0.06 0.09 0.12 0.16 0.20 0.27 0.32 0.35 0.34 0.31 0.23 0.10 0.05 0.03 0.02 0.02 0.02 0.02 0.02 0.02 0.02 0.02 0.03 0.03 0.06 0.10 0.15 0.30 0.45 0.54 0.56 0.48 0.42 0.30 0.21 0.18 0.11 0.06 0.05 0.05 0.05
Pelophylax perezi,BN10851,Grenouille de Perez,Iberian Green Frog,0,0.182,0.148,resident,0.09 0.09 0.09 0.10 0.10 0.12 0.13 0.14 0.15 0.15 0.16 0.17 0.17 0.17 0.18 0.18 0.18 0.18 0.18 0.18 0.17 0.17 0.17 0.17 0.17 0.17 0.17 0.17 0.17 0.17 0.17 0.16 0.16 0.16 0.16 0.15 0.15 0.15 0.15 0.15 0.14 0.14 0.13 0.12 0.10 0.09 0.09 0.09
Xema sabini,BN15835,Mouette de Sabine,Sabine's Gull,1,0.43,0.147,mixed,0.01 0.00 0.00 0.00 0.00 0.00 0.00 0.00 0.00 0.00 0.00 0.00 0.02 0.07 0.15 0.12 0.20 0.20 0.15 0.13 0.10 0.08 0.08 0.07 0.09 0.11 0.17 0.22 0.26 0.29 0.32 0.34 0.36 0.39 0.40 0.41 0.43 0.43 0.41 0.38 0.25 0.18 0.13 0.06 0.02 0.01 0.01 0.01
Bufotes viridis,BN01981,Crapaud vert,Green Toad,0,0.261,0.145,summer,0.01 0.01 0.01 0.01 0.01 0.02 0.02 0.03 0.05 0.08 0.12 0.20 0.23 0.26 0.26 0.26 0.24 0.23 0.22 0.21 0.20 0.20 0.21 0.21 0.21 0.22 0.23 0.24 0.25 0.26 0.26 0.25 0.25 0.24 0.23 0.23 0.21 0.18 0.14 0.11 0.06 0.03 0.02 0.02 0.01 0.01 0.01 0.01
Tettigonia cantans,BN14861,Sauterelle cymbalière,Upland Green Bush-cricket,0,0.416,0.145,summer,0.00 0.00 0.00 0.00 0.00 0.00 0.00 0.00 0.00 0.00 0.00 0.00 0.00 0.00 0.00 0.00 0.04 0.13 0.18 0.19 0.21 0.23 0.24 0.27 0.30 0.33 0.36 0.38 0.38 0.41 0.42 0.41 0.40 0.39 0.37 0.35 0.30 0.26 0.21 0.14 0.04 0.01 0.00 0.00 0.00 0.00 0.00 0.00
Pelophylax esculentus,BN10844,Grenouille verte européenne,Edible Frog,0,0.3,0.144,summer,0.00 0.00 0.00 0.00 0.01 0.01 0.02 0.03 0.05 0.10 0.16 0.22 0.27 0.29 0.30 0.29 0.28 0.27 0.26 0.25 0.24 0.23 0.23 0.22 0.22 0.22 0.22 0.22 0.22 0.22 0.22 0.22 0.21 0.20 0.20 0.20 0.18 0.16 0.12 0.09 0.03 0.02 0.01 0.00 0.00 0.00 0.00 0.00
Cnephaeus serotinus,BN03374,Sérotine commune,Eurasian Serotine,0,0.202,0.142,resident,0.10 0.10 0.10 0.10 0.10 0.11 0.11 0.11 0.13 0.13 0.15 0.15 0.15 0.15 0.15 0.15 0.15 0.16 0.16 0.17 0.17 0.19 0.19 0.18 0.20 0.20 0.20 0.20 0.18 0.18 0.18 0.18 0.17 0.16 0.15 0.15 0.13 0.12 0.12 0.12 0.10 0.10 0.10 0.10 0.10 0.10 0.10 0.10
Melanocorypha calandra,BN08605,Alouette calandre,Calandra Lark,1,0.209,0.141,resident,0.15 0.15 0.15 0.15 0.15 0.15 0.15 0.14 0.15 0.15 0.16 0.16 0.18 0.19 0.20 0.20 0.21 0.20 0.17 0.14 0.14 0.12 0.12 0.11 0.11 0.11 0.11 0.11 0.11 0.11 0.11 0.11 0.12 0.11 0.12 0.11 0.12 0.12 0.12 0.13 0.13 0.14 0.15 0.15 0.15 0.15 0.15 0.15
Montifringilla nivalis,BN09103,Niverolle alpine,White-winged Snowfinch,1,0.188,0.14,resident,0.18 0.18 0.19 0.19 0.18 0.18 0.18 0.17 0.16 0.16 0.15 0.14 0.13 0.13 0.12 0.12 0.11 0.11 0.12 0.12 0.12 0.13 0.13 0.13 0.13 0.13 0.13 0.13 0.12 0.12 0.11 0.11 0.10 0.10 0.10 0.10 0.12 0.12 0.13 0.14 0.14 0.14 0.15 0.16 0.16 0.17 0.17 0.18
Metrioptera brachyptera,BN08815,Decticelle des bruyères,Bog Bush-cricket,0,0.412,0.138,summer,0.00 0.00 0.00 0.00 0.00 0.00 0.00 0.00 0.00 0.00 0.00 0.00 0.00 0.01 0.01 0.02 0.02 0.05 0.09 0.15 0.18 0.21 0.22 0.24 0.25 0.26 0.30 0.34 0.37 0.38 0.40 0.41 0.41 0.41 0.40 0.40 0.36 0.30 0.23 0.14 0.05 0.02 0.01 0.01 0.00 0.00 0.00 0.00
Ichthyaetus audouinii,BN07066,Goéland d'Audouin,Audouin's Gull,1,0.244,0.138,mixed,0.11 0.11 0.11 0.11 0.11 0.11 0.11 0.12 0.12 0.13 0.13 0.14 0.24 0.22 0.17 0.19 0.17 0.17 0.16 0.15 0.14 0.15 0.14 0.14 0.15 0.15 0.15 0.16 0.16 0.16 0.16 0.16 0.15 0.15 0.14 0.14 0.13 0.12 0.12 0.12 0.12 0.11 0.11 0.11 0.11 0.11 0.11 0.11
Chorthippus vagans,BN03014,Criquet des Pins,Heath Grasshopper,0,0.466,0.136,mixed,0.01 0.01 0.01 0.00 0.00 0.00 0.00 0.00 0.00 0.00 0.00 0.00 0.00 0.00 0.00 0.00 0.00 0.00 0.01 0.03 0.06 0.08 0.12 0.15 0.20 0.25 0.31 0.36 0.42 0.45 0.47 0.46 0.46 0.45 0.44 0.40 0.34 0.28 0.23 0.17 0.12 0.08 0.05 0.03 0.03 0.02 0.02 0.01
Hydrobates leucorhous,BN06754,Océanite cul-blanc,Leach's Storm Petrel,1,0.27,0.136,mixed,0.09 0.08 0.07 0.06 0.06 0.05 0.04 0.05 0.06 0.06 0.06 0.09 0.10 0.11 0.14 0.12 0.12 0.12 0.12 0.11 0.11 0.11 0.11 0.12 0.12 0.12 0.13 0.14 0.15 0.19 0.21 0.26 0.26 0.27 0.23 0.22 0.24 0.22 0.21 0.21 0.20 0.18 0.18 0.16 0.13 0.13 0.11 0.09
Decticus albifrons,BN04359,Dectique à front blanc,White-faced Bush-cricket,0,0.382,0.135,summer,0.00 0.00 0.00 0.00 0.00 0.00 0.00 0.00 0.00 0.00 0.01 0.02 0.04 0.05 0.07 0.11 0.14 0.16 0.19 0.21 0.23 0.25 0.27 0.29 0.31 0.34 0.37 0.38 0.38 0.37 0.36 0.35 0.32 0.29 0.26 0.23 0.18 0.13 0.09 0.04 0.02 0.01 0.00 0.00 0.00 0.00 0.00 0.00
Bicolorana bicolor,BN01679,Decticelle bicolore,Bicolour Meadow Bush-cricket,0,0.438,0.134,summer,0.00 0.00 0.00 0.00 0.00 0.00 0.00 0.00 0.00 0.00 0.00 0.00 0.00 0.00 0.00 0.03 0.05 0.07 0.10 0.13 0.18 0.23 0.32 0.39 0.41 0.43 0.43 0.44 0.44 0.43 0.43 0.41 0.39 0.37 0.33 0.24 0.13 0.04 0.00 0.00 0.00 0.00 0.00 0.00 0.00 0.00 0.00 0.00
Pelodytes punctatus,BN10837,Pélodyte ponctué,Common Parsley Frog,0,0.337,0.134,mixed,0.09 0.09 0.09 0.10 0.11 0.13 0.16 0.21 0.25 0.28 0.31 0.33 0.34 0.33 0.30 0.26 0.23 0.20 0.17 0.14 0.13 0.12 0.12 0.10 0.10 0.09 0.08 0.07 0.06 0.05 0.05 0.06 0.05 0.05 0.06 0.07 0.08 0.10 0.10 0.10 0.08 0.08 0.08 0.08 0.08 0.08 0.08 0.09
Clamator glandarius,BN03322,Coucou geai,Great Spotted Cuckoo,1,0.305,0.133,mixed,0.07 0.08 0.08 0.09 0.10 0.11 0.13 0.14 0.16 0.19 0.22 0.27 0.30 0.31 0.31 0.31 0.30 0.29 0.27 0.25 0.24 0.23 0.21 0.18 0.16 0.14 0.13 0.13 0.12 0.11 0.10 0.09 0.08 0.06 0.05 0.03 0.02 0.01 0.01 0.01 0.02 0.02 0.03 0.04 0.04 0.05 0.05 0.06
Crex crex,BN03887,Râle des genêts,Corn Crake,1,0.533,0.132,summer,0.00 0.00 0.00 0.00 0.00 0.00 0.00 0.00 0.00 0.00 0.01 0.02 0.03 0.05 0.10 0.23 0.38 0.45 0.51 0.53 0.50 0.46 0.42 0.39 0.36 0.33 0.29 0.22 0.15 0.13 0.12 0.12 0.11 0.10 0.09 0.07 0.05 0.04 0.03 0.02 0.02 0.01 0.00 0.00 0.00 0.00 0.00 0.00
Euchorthippus declivus,BN05315,Criquet du brome,Common Straw Grasshopper,0,0.464,0.13,summer,0.00 0.00 0.00 0.00 0.00 0.00 0.00 0.00 0.00 0.00 0.00 0.00 0.00 0.00 0.00 0.00 0.00 0.00 0.00 0.03 0.06 0.13 0.23 0.30 0.37 0.42 0.45 0.46 0.46 0.46 0.45 0.43 0.39 0.37 0.34 0.31 0.25 0.18 0.09 0.02 0.01 0.00 0.00 0.00 0.00 0.00 0.00 0.00
Barbitistes serricauda,BN01593,Barbitiste des bois,Common Saw Bush-cricket,0,0.345,0.13,summer,0.00 0.00 0.00 0.00 0.00 0.00 0.00 0.00 0.00 0.00 0.00 0.00 0.01 0.02 0.05 0.12 0.16 0.18 0.22 0.24 0.25 0.26 0.28 0.30 0.31 0.33 0.34 0.35 0.35 0.35 0.33 0.32 0.29 0.27 0.25 0.22 0.18 0.13 0.08 0.04 0.00 0.00 0.00 0.00 0.00 0.00 0.00 0.00
Estrilda astrild,BN05294,Astrild ondulé,Common Waxbill,1,0.148,0.13,resident,0.13 0.13 0.12 0.12 0.12 0.13 0.13 0.12 0.12 0.13 0.12 0.12 0.12 0.12 0.12 0.12 0.13 0.13 0.12 0.12 0.12 0.12 0.13 0.13 0.13 0.13 0.13 0.14 0.15 0.15 0.15 0.14 0.15 0.14 0.14 0.13 0.12 0.11 0.12 0.12 0.14 0.14 0.15 0.15 0.14 0.13 0.13 0.13
Curruca conspicillata,BN04074,Fauvette à lunettes,Spectacled Warbler,1,0.21,0.128,summer,0.03 0.03 0.03 0.03 0.05 0.05 0.06 0.08 0.11 0.13 0.14 0.16 0.17 0.18 0.18 0.19 0.19 0.20 0.21 0.21 0.20 0.19 0.19 0.18 0.18 0.17 0.17 0.17 0.17 0.17 0.17 0.16 0.16 0.15 0.15 0.15 0.15 0.14 0.14 0.12 0.10 0.07 0.06 0.05 0.04 0.03 0.03 0.03
Gryllus bimaculatus,BN06221,Grillon provençal,Southern Field Cricket,0,0.354,0.127,mixed,0.03 0.03 0.03 0.03 0.03 0.03 0.03 0.03 0.04 0.05 0.06 0.09 0.10 0.10 0.11 0.12 0.12 0.12 0.12 0.11 0.11 0.11 0.11 0.11 0.12 0.13 0.15 0.18 0.21 0.25 0.27 0.29 0.33 0.35 0.35 0.34 0.30 0.24 0.19 0.15 0.12 0.08 0.06 0.04 0.04 0.04 0.03 0.03
Larus delawarensis,BN07546,Goéland à bec cerclé,Ring-billed Gull,1,0.244,0.127,winter,0.23 0.23 0.23 0.23 0.23 0.22 0.22 0.22 0.21 0.21 0.18 0.16 0.12 0.10 0.09 0.07 0.05 0.04 0.03 0.02 0.02 0.01 0.01 0.01 0.01 0.01 0.02 0.02 0.03 0.03 0.04 0.05 0.06 0.07 0.08 0.09 0.12 0.13 0.16 0.19 0.21 0.22 0.23 0.24 0.24 0.24 0.24 0.23
Ardenna gravis,BN01206,Puffin majeur,Great Shearwater,1,0.3,0.125,summer,0.01 0.00 0.00 0.00 0.00 0.00 0.00 0.00 0.00 0.00 0.00 0.00 0.00 0.03 0.03 0.04 0.08 0.10 0.09 0.10 0.11 0.12 0.16 0.13 0.18 0.20 0.23 0.22 0.23 0.24 0.27 0.28 0.29 0.29 0.29 0.28 0.30 0.30 0.30 0.28 0.21 0.19 0.17 0.09 0.06 0.04 0.03 0.02
Oenanthe hispanica,BN10084,Traquet oreillard,Western Black-eared Wheatear,1,0.257,0.122,summer,0.00 0.00 0.00 0.00 0.00 0.00 0.00 0.01 0.05 0.10 0.13 0.18 0.21 0.23 0.24 0.25 0.26 0.26 0.26 0.24 0.23 0.22 0.22 0.22 0.21 0.21 0.20 0.20 0.19 0.19 0.19 0.19 0.17 0.16 0.15 0.13 0.12 0.10 0.08 0.04 0.01 0.00 0.00 0.00 0.00 0.00 0.00 0.00
Saxicola torquatus,BN13565,Tarier d'Afrique,African Stonechat,1,0.241,0.12,summer,0.03 0.03 0.03 0.04 0.04 0.05 0.06 0.09 0.12 0.14 0.18 0.21 0.23 0.24 0.24 0.24 0.23 0.23 0.23 0.24 0.22 0.22 0.21 0.21 0.20 0.18 0.16 0.15 0.13 0.12 0.12 0.11 0.11 0.11 0.11 0.10 0.08 0.06 0.05 0.04 0.03 0.02 0.02 0.02 0.02 0.03 0.03 0.03
Alle alle,BN00421,Mergule nain,Little Auk,1,0.267,0.12,winter,0.23 0.23 0.22 0.21 0.21 0.20 0.20 0.21 0.20 0.19 0.18 0.16 0.16 0.14 0.12 0.06 0.04 0.02 0.01 0.01 0.00 0.00 0.00 0.00 0.00 0.00 0.00 0.00 0.00 0.00 0.00 0.00 0.01 0.02 0.05 0.07 0.09 0.12 0.19 0.24 0.25 0.26 0.27 0.24 0.24 0.24 0.23 0.23
Acrocephalus melanopogon,BN00085,Lusciniole à moustaches,Moustached Warbler,1,0.205,0.12,mixed,0.14 0.13 0.13 0.13 0.12 0.12 0.12 0.13 0.14 0.16 0.18 0.19 0.20 0.20 0.19 0.19 0.17 0.14 0.11 0.08 0.06 0.05 0.05 0.05 0.05 0.05 0.05 0.05 0.05 0.05 0.05 0.06 0.07 0.08 0.09 0.11 0.15 0.16 0.16 0.17 0.17 0.16 0.16 0.15 0.15 0.14 0.14 0.14
Chroicocephalus genei,BN03023,Goéland railleur,Slender-billed Gull,1,0.135,0.118,resident,0.12 0.12 0.12 0.12 0.12 0.12 0.12 0.12 0.12 0.12 0.13 0.12 0.13 0.13 0.13 0.13 0.13 0.13 0.12 0.11 0.11 0.11 0.11 0.10 0.10 0.10 0.11 0.11 0.11 0.11 0.12 0.12 0.13 0.12 0.12 0.11 0.11 0.11 0.11 0.11 0.11 0.12 0.12 0.12 0.12 0.12 0.12 0.12
Acheta domesticus,BN00045,Grillon domestique,House Cricket,0,0.291,0.116,summer,0.05 0.05 0.04 0.04 0.04 0.04 0.04 0.04 0.04 0.03 0.04 0.04 0.04 0.04 0.05 0.07 0.09 0.11 0.11 0.11 0.11 0.11 0.13 0.13 0.14 0.16 0.19 0.23 0.26 0.27 0.28 0.28 0.29 0.29 0.28 0.25 0.17 0.14 0.12 0.11 0.09 0.08 0.08 0.06 0.06 0.05 0.05 0.05
Calonectris borealis,BN02219,Puffin cendré,Cory's Shearwater,1,0.29,0.115,summer,0.00 0.00 0.00 0.00 0.00 0.00 0.00 0.00 0.00 0.01 0.02 0.04 0.05 0.07 0.11 0.11 0.17 0.19 0.17 0.14 0.14 0.13 0.14 0.15 0.17 0.20 0.24 0.23 0.24 0.26 0.28 0.29 0.29 0.29 0.25 0.24 0.19 0.19 0.15 0.13 0.09 0.06 0.05 0.02 0.00 0.00 0.00 0.00
Anser erythropus,BN00826,Oie naine,Lesser White-fronted Goose,1,0.236,0.112,winter,0.22 0.23 0.24 0.23 0.23 0.23 0.22 0.20 0.19 0.17 0.14 0.11 0.09 0.08 0.06 0.05 0.05 0.04 0.03 0.03 0.03 0.03 0.03 0.02 0.02 0.03 0.03 0.03 0.03 0.03 0.03 0.03 0.04 0.04 0.04 0.05 0.06 0.07 0.10 0.14 0.18 0.20 0.22 0.22 0.23 0.22 0.22 0.22
Puffinus yelkouan,BN12808,Puffin yelkouan,Mediterranean Shearwater,1,0.129,0.111,resident,0.11 0.11 0.11 0.12 0.11 0.11 0.11 0.11 0.11 0.11 0.11 0.11 0.12 0.12 0.12 0.12 0.13 0.13 0.12 0.11 0.11 0.12 0.12 0.12 0.12 0.12 0.12 0.11 0.11 0.11 0.11 0.11 0.11 0.11 0.11 0.10 0.10 0.10 0.10 0.10 0.10 0.11 0.11 0.11 0.11 0.11 0.11 0.11
Tringa stagnatilis,BN15271,Chevalier stagnatile,Marsh Sandpiper,1,0.293,0.11,mixed,0.03 0.03 0.03 0.03 0.03 0.03 0.03 0.04 0.07 0.09 0.10 0.15 0.22 0.26 0.29 0.29 0.28 0.24 0.20 0.16 0.13 0.11 0.11 0.10 0.10 0.11 0.13 0.15 0.19 0.21 0.21 0.20 0.16 0.13 0.11 0.08 0.06 0.05 0.04 0.04 0.04 0.04 0.04 0.04 0.03 0.03 0.02 0.03
Porphyrio porphyrio,BN12045,Talève sultane,Purple Swamphen,1,0.129,0.108,resident,0.13 0.13 0.12 0.12 0.12 0.12 0.12 0.12 0.11 0.12 0.12 0.11 0.10 0.10 0.11 0.11 0.11 0.12 0.12 0.11 0.11 0.11 0.11 0.11 0.11 0.10 0.10 0.10 0.10 0.10 0.10 0.09 0.09 0.08 0.08 0.08 0.08 0.09 0.09 0.10 0.11 0.11 0.11 0.12 0.12 0.12 0.12 0.13
Oenanthe leucura,BN10087,Traquet rieur,Black Wheatear,1,0.122,0.107,resident,0.12 0.11 0.11 0.12 0.12 0.12 0.12 0.12 0.12 0.12 0.12 0.12 0.11 0.11 0.11 0.11 0.11 0.11 0.11 0.10 0.10 0.10 0.10 0.10 0.10 0.10 0.10 0.10 0.10 0.10 0.10 0.10 0.10 0.10 0.10 0.10 0.10 0.10 0.10 0.10 0.10 0.10 0.10 0.11 0.11 0.11 0.11 0.11
Falco eleonorae,BN05542,Faucon d'Éléonore,Eleonora's Falcon,1,0.226,0.106,summer,0.00 0.00 0.00 0.00 0.00 0.00 0.00 0.00 0.00 0.00 0.00 0.01 0.03 0.07 0.09 0.12 0.14 0.18 0.20 0.22 0.22 0.22 0.22 0.22 0.23 0.22 0.22 0.22 0.22 0.22 0.22 0.22 0.22 0.21 0.20 0.19 0.16 0.14 0.11 0.09 0.06 0.02 0.01 0.00 0.00 0.00 0.00 0.00
Pelophylax lessonae,BN10848,Grenouille de Lessona,Pool Frog,0,0.224,0.105,summer,0.00 0.00 0.00 0.00 0.00 0.01 0.02 0.03 0.04 0.05 0.07 0.13 0.20 0.22 0.22 0.22 0.22 0.21 0.21 0.20 0.20 0.20 0.20 0.18 0.18 0.17 0.16 0.16 0.16 0.16 0.16 0.16 0.16 0.15 0.14 0.13 0.09 0.07 0.04 0.03 0.03 0.01 0.01 0.01 0.00 0.00 0.00 0.00
Cicada orni,BN03084,Cigale grise,Ash Cicada,0,0.423,0.102,summer,0.01 0.01 0.01 0.01 0.01 0.00 0.00 0.00 0.00 0.00 0.00 0.00 0.00 0.00 0.00 0.00 0.01 0.01 0.03 0.07 0.14 0.18 0.25 0.30 0.34 0.39 0.42 0.42 0.42 0.39 0.34 0.29 0.23 0.17 0.13 0.11 0.05 0.03 0.01 0.01 0.01 0.01 0.01 0.01 0.01 0.01 0.01 0.01
Calidris melanotos,BN02152,Bécasseau à poitrine cendrée,Pectoral Sandpiper,1,0.354,0.102,passage,0.03 0.03 0.03 0.03 0.03 0.03 0.03 0.03 0.04 0.05 0.05 0.06 0.07 0.07 0.07 0.07 0.08 0.07 0.07 0.07 0.06 0.05 0.05 0.05 0.06 0.07 0.07 0.09 0.11 0.14 0.19 0.29 0.33 0.35 0.34 0.33 0.30 0.26 0.18 0.14 0.10 0.08 0.07 0.05 0.04 0.03 0.03 0.03
Mareca americana,BN08400,Canard d'Amérique,American Wigeon,1,0.202,0.1,winter,0.18 0.20 0.20 0.19 0.17 0.16 0.15 0.14 0.13 0.12 0.12 0.10 0.09 0.08 0.07 0.07 0.06 0.06 0.05 0.05 0.04 0.03 0.03 0.03 0.02 0.02 0.03 0.03 0.03 0.04 0.04 0.05 0.07 0.08 0.08 0.08 0.09 0.10 0.11 0.12 0.13 0.15 0.16 0.17 0.17 0.18 0.18 0.18
Stercorarius longicaudus,BN14264,Labbe à longue queue,Long-tailed Jaeger,1,0.321,0.1,mixed,0.00 0.00 0.00 0.00 0.00 0.00 0.00 0.00 0.00 0.00 0.00 0.00 0.03 0.07 0.14 0.10 0.15 0.14 0.09 0.09 0.07 0.07 0.07 0.06 0.07 0.09 0.12 0.18 0.23 0.26 0.29 0.31 0.31 0.32 0.29 0.27 0.25 0.24 0.19 0.17 0.10 0.04 0.01 0.00 0.00 0.00 0.00 0.00
Curruca hortensis,BN04079,Fauvette orphée,Western Orphean Warbler,1,0.264,0.099,summer,0.00 0.00 0.00 0.00 0.00 0.00 0.00 0.00 0.00 0.00 0.05 0.10 0.13 0.16 0.18 0.21 0.25 0.26 0.26 0.25 0.24 0.23 0.22 0.21 0.19 0.18 0.18 0.17 0.17 0.16 0.16 0.15 0.14 0.13 0.12 0.11 0.09 0.05 0.01 0.00 0.00 0.00 0.00 0.00 0.00 0.00 0.00 0.00
Picoides tridactylus,BN11456,Pic tridactyle,Eurasian Three-toed Woodpecker,1,0.104,0.094,resident,0.09 0.10 0.10 0.10 0.10 0.10 0.10 0.10 0.10 0.09 0.09 0.08 0.09 0.09 0.09 0.09 0.09 0.09 0.10 0.10 0.10 0.10 0.10 0.10 0.10 0.10 0.10 0.10 0.10 0.10 0.10 0.10 0.10 0.10 0.10 0.09 0.09 0.09 0.09 0.09 0.09 0.09 0.09 0.09 0.09 0.09 0.09 0.09
Leiothrix lutea,BN07615,Léiothrix jaune,Red-billed Leiothrix,1,0.146,0.094,mixed,0.13 0.13 0.13 0.12 0.12 0.11 0.10 0.10 0.10 0.09 0.08 0.07 0.08 0.08 0.08 0.07 0.08 0.08 0.09 0.09 0.08 0.08 0.08 0.07 0.06 0.06 0.06 0.06 0.06 0.05 0.05 0.05 0.06 0.07 0.08 0.08 0.09 0.09 0.10 0.11 0.13 0.14 0.15 0.15 0.15 0.14 0.13 0.13
Phalaropus lobatus,BN11065,Phalarope à bec étroit,Red-necked Phalarope,1,0.301,0.092,mixed,0.00 0.00 0.00 0.00 0.00 0.00 0.00 0.00 0.00 0.00 0.01 0.02 0.08 0.12 0.18 0.16 0.22 0.16 0.12 0.12 0.11 0.10 0.10 0.10 0.10 0.11 0.12 0.13 0.15 0.18 0.21 0.30 0.27 0.25 0.24 0.22 0.18 0.13 0.11 0.06 0.03 0.01 0.01 0.00 0.00 0.00 0.00 0.00
Mareca sibilatrix,BN08404,Canard de Chiloé,Chiloe Wigeon,1,0.197,0.09,mixed,0.19 0.20 0.19 0.18 0.17 0.15 0.13 0.10 0.09 0.08 0.07 0.07 0.07 0.07 0.07 0.07 0.06 0.05 0.05 0.05 0.04 0.05 0.05 0.05 0.05 0.06 0.06 0.06 0.05 0.06 0.06 0.06 0.06 0.06 0.07 0.06 0.06 0.06 0.07 0.06 0.07 0.08 0.10 0.12 0.14 0.16 0.17 0.19
Numida meleagris,BN09890,Pintade de Numidie,Helmeted Guineafowl,1,0.141,0.09,mixed,0.06 0.05 0.05 0.06 0.06 0.06 0.06 0.07 0.07 0.08 0.08 0.10 0.11 0.11 0.12 0.11 0.11 0.12 0.12 0.13 0.14 0.14 0.14 0.14 0.13 0.13 0.13 0.13 0.12 0.11 0.11 0.10 0.09 0.08 0.07 0.07 0.07 0.07 0.07 0.07 0.07 0.07 0.07 0.07 0.06 0.06 0.06 0.06
Branta hutchinsii,BN01899,Bernache de Hutchins,Cackling Goose,1,0.203,0.086,winter,0.19 0.20 0.20 0.19 0.18 0.17 0.15 0.13 0.11 0.10 0.09 0.08 0.07 0.06 0.04 0.04 0.03 0.03 0.02 0.02 0.02 0.02 0.02 0.02 0.02 0.02 0.02 0.02 0.02 0.02 0.02 0.02 0.02 0.03 0.03 0.04 0.05 0.06 0.08 0.10 0.13 0.15 0.17 0.19 0.19 0.19 0.19 0.19
Chorthippus mollis,BN03010,Criquet des pelouses,Lesser Grasshopper,0,0.341,0.084,mixed,0.00 0.00 0.00 0.00 0.00 0.00 0.00 0.00 0.00 0.00 0.00 0.00 0.00 0.00 0.00 0.00 0.01 0.01 0.02 0.02 0.03 0.04 0.05 0.08 0.10 0.12 0.14 0.18 0.22 0.29 0.32 0.33 0.34 0.34 0.32 0.29 0.24 0.20 0.13 0.07 0.04 0.03 0.02 0.01 0.01 0.01 0.01 0.00
Melopsittacus undulatus,BN08713,Perruche ondulée,Budgerigar,1,0.156,0.084,mixed,0.07 0.07 0.06 0.06 0.06 0.06 0.06 0.06 0.06 0.06 0.06 0.06 0.06 0.06 0.06 0.07 0.07 0.07 0.07 0.07 0.06 0.06 0.07 0.06 0.07 0.07 0.08 0.08 0.09 0.09 0.10 0.10 0.11 0.12 0.12 0.13 0.13 0.14 0.16 0.14 0.12 0.11 0.10 0.10 0.09 0.08 0.08 0.07
Nymphicus hollandicus,BN09956,Calopsitte élégante,Cockatiel,1,0.116,0.084,resident,0.07 0.07 0.07 0.06 0.06 0.06 0.06 0.06 0.06 0.06 0.06 0.06 0.07 0.08 0.07 0.08 0.08 0.08 0.09 0.09 0.10 0.10 0.10 0.10 0.11 0.11 0.11 0.11 0.12 0.12 0.11 0.11 0.11 0.11 0.10 0.10 0.09 0.09 0.09 0.08 0.08 0.08 0.08 0.08 0.07 0.07 0.07 0.07
Ficedula albicollis,BN05589,Gobemouche à collier,Collared Flycatcher,1,0.435,0.083,mixed,0.00 0.00 0.00 0.00 0.00 0.00 0.00 0.00 0.00 0.00 0.00 0.02 0.09 0.25 0.37 0.42 0.43 0.42 0.35 0.26 0.18 0.15 0.12 0.09 0.07 0.07 0.07 0.08 0.09 0.09 0.10 0.10 0.08 0.04 0.03 0.02 0.00 0.00 0.00 0.00 0.00 0.00 0.00 0.00 0.00 0.00 0.00 0.00
Rana arvalis,BN13028,Grenouille des champs,Moor Frog,0,0.176,0.082,mixed,0.03 0.03 0.03 0.03 0.03 0.03 0.03 0.04 0.07 0.09 0.12 0.16 0.18 0.17 0.16 0.15 0.15 0.13 0.13 0.12 0.10 0.08 0.08 0.08 0.07 0.07 0.07 0.08 0.09 0.09 0.09 0.10 0.10 0.11 0.10 0.11 0.10 0.09 0.08 0.07 0.05 0.04 0.04 0.03 0.03 0.03 0.03 0.03
Carpodacus erythrinus,BN02447,Roselin cramoisi,Common Rosefinch,1,0.263,0.082,summer,0.00 0.00 0.00 0.00 0.00 0.00 0.00 0.01 0.01 0.02 0.02 0.03 0.03 0.04 0.06 0.13 0.21 0.23 0.25 0.26 0.26 0.25 0.24 0.22 0.20 0.20 0.19 0.17 0.14 0.11 0.09 0.08 0.08 0.07 0.07 0.05 0.05 0.05 0.04 0.03 0.02 0.01 0.01 0.01 0.01 0.00 0.00 0.00
Tetrao urogallus,BN14840,Grand Tétras,Western Capercaillie,1,0.107,0.082,resident,0.07 0.07 0.07 0.07 0.07 0.07 0.07 0.08 0.09 0.10 0.10 0.11 0.11 0.11 0.10 0.10 0.09 0.08 0.08 0.08 0.08 0.08 0.07 0.07 0.07 0.07 0.07 0.07 0.07 0.07 0.07 0.07 0.07 0.07 0.07 0.07 0.08 0.10 0.10 0.10 0.10 0.10 0.09 0.08 0.08 0.08 0.08 0.07
Anas bahamensis,BN00695,Canard des Bahamas,White-cheeked Pintail,1,0.155,0.081,mixed,0.14 0.15 0.15 0.15 0.14 0.13 0.11 0.08 0.07 0.06 0.05 0.05 0.05 0.05 0.05 0.05 0.05 0.05 0.04 0.04 0.04 0.04 0.04 0.04 0.04 0.05 0.05 0.06 0.06 0.06 0.07 0.09 0.13 0.15 0.15 0.13 0.09 0.07 0.07 0.06 0.06 0.07 0.08 0.08 0.09 0.11 0.12 0.13
Marmota marmota,BN08420,Marmotte des Alpes,Alpine Marmot,0,0.152,0.08,summer,0.00 0.00 0.00 0.00 0.00 0.00 0.01 0.01 0.02 0.05 0.06 0.08 0.09 0.09 0.10 0.12 0.13 0.13 0.15 0.15 0.15 0.15 0.15 0.15 0.14 0.15 0.15 0.14 0.14 0.15 0.15 0.15 0.14 0.13 0.12 0.11 0.10 0.08 0.07 0.06 0.04 0.02 0.01 0.00 0.00 0.00 0.00 0.00
Pterocles orientalis,BN12563,Ganga unibande,Black-bellied Sandgrouse,1,0.082,0.078,resident,0.08 0.08 0.08 0.08 0.08 0.08 0.08 0.08 0.08 0.08 0.08 0.08 0.08 0.08 0.08 0.08 0.08 0.08 0.08 0.08 0.08 0.08 0.08 0.08 0.08 0.08 0.08 0.08 0.08 0.08 0.08 0.08 0.08 0.08 0.08 0.08 0.08 0.08 0.08 0.08 0.08 0.08 0.08 0.08 0.07 0.07 0.07 0.08
Chorthippus apricarius,BN02999,Criquet des adrets,Locomotive Grasshopper,0,0.295,0.076,summer,0.00 0.00 0.00 0.00 0.00 0.00 0.00 0.00 0.00 0.00 0.00 0.00 0.00 0.00 0.00 0.00 0.00 0.00 0.00 0.03 0.07 0.10 0.12 0.17 0.20 0.23 0.26 0.28 0.29 0.30 0.27 0.25 0.24 0.22 0.21 0.17 0.12 0.06 0.03 0.02 0.01 0.00 0.00 0.00 0.00 0.00 0.00 0.00
Tringa flavipes,BN15262,Petit Chevalier,Lesser Yellowlegs,1,0.143,0.076,mixed,0.02 0.02 0.02 0.02 0.02 0.03 0.03 0.04 0.06 0.07 0.10 0.11 0.12 0.12 0.11 0.11 0.09 0.08 0.08 0.07 0.06 0.06 0.06 0.06 0.06 0.07 0.07 0.09 0.10 0.11 0.12 0.13 0.14 0.14 0.14 0.14 0.13 0.12 0.11 0.10 0.07 0.05 0.04 0.03 0.02 0.02 0.02 0.02
Sterna dougallii,BN14271,Sterne de Dougall,Roseate Tern,1,0.163,0.076,summer,0.00 0.00 0.00 0.00 0.00 0.00 0.00 0.00 0.00 0.00 0.02 0.05 0.09 0.12 0.15 0.15 0.16 0.16 0.16 0.16 0.15 0.15 0.14 0.14 0.14 0.14 0.14 0.15 0.15 0.15 0.15 0.15 0.15 0.14 0.12 0.10 0.08 0.06 0.03 0.01 0.00 0.00 0.00 0.00 0.00 0.00 0.00 0.00
Dendrocopos leucotos,BN04404,Pic à dos blanc,White-backed Woodpecker,1,0.114,0.074,resident,0.10 0.10 0.10 0.10 0.09 0.09 0.08 0.07 0.07 0.07 0.07 0.07 0.07 0.07 0.07 0.07 0.07 0.07 0.07 0.07 0.07 0.07 0.06 0.06 0.06 0.06 0.06 0.06 0.06 0.06 0.06 0.06 0.05 0.05 0.04 0.04 0.05 0.06 0.07 0.07 0.09 0.11 0.11 0.11 0.11 0.11 0.10 0.10
Polyphylla fullo,BN11959,Hanneton du pin,Pine Chafer,0,0.406,0.073,summer,0.00 0.00 0.00 0.00 0.00 0.00 0.00 0.00 0.00 0.00 0.00 0.00 0.00 0.00 0.00 0.00 0.00 0.01 0.03 0.07 0.11 0.18 0.23 0.31 0.38 0.40 0.41 0.37 0.31 0.23 0.16 0.11 0.07 0.04 0.03 0.01 0.01 0.00 0.00 0.00 0.00 0.00 0.00 0.00 0.00 0.00 0.00 0.00
Ficedula parva,BN05608,Gobemouche nain,Red-breasted Flycatcher,1,0.243,0.071,mixed,0.00 0.00 0.00 0.00 0.00 0.00 0.00 0.00 0.00 0.01 0.01 0.02 0.04 0.06 0.10 0.15 0.23 0.24 0.21 0.17 0.11 0.08 0.06 0.05 0.04 0.04 0.04 0.04 0.05 0.07 0.09 0.13 0.16 0.17 0.20 0.20 0.20 0.18 0.14 0.06 0.02 0.01 0.01 0.00 0.00 0.00 0.00 0.00
Glareola pratincola,BN06033,Glaréole à collier,Collared Pratincole,1,0.213,0.068,summer,0.00 0.00 0.00 0.00 0.00 0.00 0.00 0.00 0.00 0.00 0.01 0.03 0.08 0.10 0.14 0.18 0.21 0.21 0.19 0.18 0.16 0.14 0.14 0.13 0.13 0.13 0.13 0.13 0.13 0.13 0.13 0.12 0.09 0.07 0.06 0.03 0.02 0.00 0.00 0.00 0.00 0.00 0.00 0.00 0.00 0.00 0.00 0.00
Zapornia parva,BN15989,Marouette poussin,Little Crake,1,0.297,0.068,passage,0.00 0.00 0.00 0.00 0.00 0.00 0.00 0.00 0.01 0.02 0.04 0.10 0.19 0.25 0.28 0.30 0.28 0.24 0.17 0.13 0.08 0.05 0.04 0.04 0.03 0.04 0.04 0.06 0.07 0.08 0.10 0.11 0.11 0.10 0.09 0.08 0.06 0.04 0.01 0.01 0.00 0.00 0.00 0.00 0.00 0.00 0.00 0.00
Pterocles alchata,BN12553,Ganga cata,Pin-tailed Sandgrouse,1,0.081,0.068,resident,0.08 0.08 0.08 0.08 0.08 0.08 0.08 0.08 0.07 0.07 0.07 0.07 0.07 0.07 0.07 0.07 0.07 0.07 0.07 0.07 0.07 0.07 0.06 0.06 0.06 0.06 0.06 0.06 0.06 0.07 0.07 0.07 0.06 0.06 0.06 0.06 0.05 0.05 0.05 0.05 0.05 0.06 0.06 0.07 0.07 0.07 0.08 0.08
Aquila adalberti,BN01103,Aigle ibérique,Spanish Imperial Eagle,1,0.072,0.068,resident,0.07 0.07 0.07 0.07 0.07 0.07 0.07 0.07 0.07 0.07 0.07 0.07 0.07 0.07 0.07 0.07 0.07 0.07 0.07 0.07 0.07 0.07 0.07 0.07 0.07 0.07 0.07 0.07 0.07 0.07 0.07 0.07 0.07 0.07 0.07 0.07 0.07 0.07 0.07 0.07 0.07 0.07 0.07 0.07 0.07 0.07 0.07 0.07
Aythya affinis,BN01545,Petit Fuligule,Lesser Scaup,1,0.172,0.067,winter,0.17 0.17 0.17 0.16 0.15 0.14 0.13 0.12 0.12 0.10 0.09 0.07 0.06 0.06 0.05 0.04 0.02 0.02 0.01 0.01 0.01 0.00 0.00 0.00 0.00 0.00 0.00 0.00 0.00 0.00 0.00 0.01 0.01 0.01 0.02 0.02 0.04 0.04 0.05 0.07 0.08 0.10 0.11 0.14 0.15 0.17 0.17 0.17
Psophus stridulus,BN12521,Œdipode stridulante,Rattle Grasshopper,0,0.23,0.065,summer,0.00 0.00 0.00 0.00 0.00 0.00 0.00 0.00 0.00 0.00 0.00 0.00 0.00 0.00 0.00 0.00 0.00 0.00 0.00 0.00 0.01 0.03 0.07 0.11 0.15 0.17 0.19 0.21 0.23 0.23 0.23 0.23 0.22 0.21 0.20 0.18 0.15 0.12 0.08 0.06 0.02 0.01 0.00 0.00 0.00 0.00 0.00 0.00
Cyanopica cooki,BN04163,Pie-bleue ibérique,Iberian Magpie,1,0.08,0.065,resident,0.07 0.07 0.07 0.07 0.07 0.07 0.06 0.06 0.06 0.06 0.06 0.06 0.06 0.06 0.06 0.06 0.06 0.06 0.06 0.06 0.06 0.06 0.06 0.06 0.06 0.06 0.06 0.06 0.06 0.06 0.06 0.06 0.07 0.06 0.07 0.07 0.07 0.07 0.07 0.07 0.07 0.08 0.08 0.08 0.08 0.07 0.07 0.07
Loxia pytyopsittacus,BN08141,Bec-croisé perroquet,Parrot Crossbill,1,0.175,0.065,winter,0.17 0.17 0.17 0.15 0.13 0.11 0.09 0.07 0.06 0.06 0.05 0.04 0.03 0.03 0.03 0.02 0.02 0.02 0.02 0.02 0.02 0.02 0.02 0.02 0.02 0.02 0.02 0.02 0.02 0.02 0.02 0.02 0.02 0.02 0.03 0.03 0.04 0.05 0.05 0.06 0.08 0.10 0.12 0.14 0.16 0.17 0.17 0.17
Geronticus eremita,BN06000,Ibis chauve,Northern Bald Ibis,1,0.095,0.064,resident,0.09 0.09 0.08 0.08 0.07 0.07 0.06 0.06 0.07 0.07 0.07 0.07 0.06 0.06 0.06 0.05 0.05 0.05 0.06 0.06 0.06 0.06 0.06 0.06 0.06 0.05 0.05 0.04 0.04 0.04 0.04 0.04 0.04 0.04 0.04 0.05 0.05 0.05 0.07 0.09 0.09 0.10 0.10 0.09 0.09 0.09 0.09 0.08
Lagopus muta,BN07400,Lagopède alpin,Rock Ptarmigan,1,0.074,0.063,resident,0.05 0.05 0.05 0.05 0.05 0.05 0.05 0.05 0.06 0.06 0.06 0.06 0.07 0.07 0.06 0.06 0.06 0.06 0.07 0.07 0.07 0.07 0.07 0.07 0.07 0.07 0.07 0.07 0.07 0.07 0.07 0.07 0.07 0.07 0.07 0.07 0.07 0.06 0.07 0.07 0.07 0.06 0.06 0.06 0.06 0.06 0.05 0.05
Emberiza pusilla,BN05067,Bruant nain,Little Bunting,1,0.202,0.062,mixed,0.07 0.07 0.07 0.07 0.07 0.07 0.06 0.07 0.07 0.07 0.07 0.06 0.06 0.05 0.04 0.03 0.03 0.03 0.02 0.01 0.01 0.00 0.00 0.00 0.00 0.00 0.00 0.00 0.00 0.00 0.01 0.01 0.03 0.05 0.09 0.11 0.15 0.18 0.19 0.20 0.18 0.15 0.14 0.10 0.09 0.08 0.07 0.07
Melanitta perspicillata,BN08590,Macreuse à front blanc,Surf Scoter,1,0.158,0.062,winter,0.13 0.12 0.11 0.10 0.09 0.08 0.08 0.08 0.07 0.07 0.07 0.07 0.06 0.07 0.06 0.03 0.02 0.01 0.01 0.01 0.00 0.00 0.00 0.00 0.00 0.00 0.00 0.00 0.00 0.00 0.00 0.00 0.01 0.01 0.02 0.04 0.07 0.09 0.11 0.12 0.13 0.14 0.15 0.15 0.16 0.15 0.15 0.13
Oceanites oceanicus,BN09970,Océanite de Wilson,Wilson's Storm Petrel,1,0.249,0.062,mixed,0.00 0.00 0.00 0.00 0.00 0.00 0.00 0.00 0.00 0.00 0.00 0.00 0.00 0.01 0.05 0.00 0.04 0.04 0.02 0.02 0.02 0.02 0.03 0.04 0.07 0.08 0.17 0.18 0.20 0.22 0.24 0.25 0.25 0.25 0.21 0.17 0.13 0.10 0.08 0.04 0.03 0.00 0.00 0.00 0.00 0.00 0.00 0.00
Lyristes plebejus,BN08205,Cigale plébéienne,Common Cicada,0,0.229,0.061,summer,0.01 0.01 0.02 0.02 0.02 0.02 0.02 0.02 0.02 0.02 0.02 0.02 0.02 0.03 0.02 0.03 0.03 0.03 0.04 0.07 0.08 0.11 0.14 0.16 0.19 0.20 0.22 0.23 0.22 0.20 0.17 0.13 0.09 0.07 0.05 0.04 0.02 0.02 0.01 0.01 0.01 0.01 0.01 0.01 0.01 0.01 0.01 0.01
Uromenus rugosicollis,BN15637,Éphippigère carénée,Rough Saddle Bush-cricket,0,0.175,0.059,summer,0.01 0.00 0.00 0.00 0.00 0.00 0.00 0.00 0.00 0.00 0.00 0.00 0.00 0.00 0.00 0.00 0.00 0.00 0.00 0.01 0.03 0.05 0.07 0.09 0.11 0.13 0.14 0.16 0.17 0.17 0.17 0.16 0.16 0.16 0.16 0.15 0.13 0.12 0.12 0.09 0.07 0.05 0.04 0.04 0.02 0.02 0.01 0.01
Lophodytes cucullatus,BN08063,Harle couronné,Hooded Merganser,1,0.126,0.059,winter,0.12 0.13 0.12 0.12 0.11 0.10 0.10 0.10 0.09 0.09 0.08 0.07 0.06 0.05 0.04 0.03 0.03 0.03 0.03 0.02 0.02 0.02 0.02 0.02 0.02 0.02 0.02 0.02 0.02 0.02 0.02 0.02 0.02 0.02 0.02 0.02 0.03 0.04 0.05 0.06 0.07 0.08 0.09 0.11 0.11 0.11 0.12 0.12
Pastor roseus,BN10746,Étourneau roselin,Rosy Starling,1,0.131,0.059,summer,0.01 0.01 0.01 0.00 0.00 0.00 0.00 0.00 0.01 0.01 0.01 0.01 0.01 0.04 0.05 0.07 0.11 0.12 0.13 0.12 0.11 0.11 0.11 0.10 0.10 0.10 0.10 0.10 0.10 0.11 0.12 0.12 0.12 0.11 0.11 0.10 0.10 0.09 0.07 0.05 0.02 0.02 0.02 0.01 0.01 0.01 0.01 0.01
Cervus nippon,BN02679,Cerf Sika,Sika Deer,0,0.088,0.058,mixed,0.07 0.07 0.07 0.07 0.07 0.06 0.06 0.06 0.05 0.05 0.05 0.05 0.05 0.05 0.05 0.06 0.06 0.06 0.05 0.05 0.05 0.04 0.04 0.04 0.04 0.04 0.05 0.06 0.07 0.07 0.07 0.08 0.09 0.08 0.08 0.08 0.07 0.06 0.06 0.05 0.05 0.06 0.05 0.05 0.06 0.06 0.06 0.06
Stauroderus scalaris,BN14240,Criquet jacasseur,Ladder Grasshopper,0,0.192,0.057,summer,0.00 0.00 0.00 0.00 0.00 0.00 0.00 0.00 0.00 0.00 0.00 0.00 0.00 0.00 0.00 0.00 0.00 0.02 0.03 0.06 0.08 0.10 0.11 0.13 0.15 0.17 0.18 0.19 0.19 0.19 0.18 0.16 0.14 0.13 0.12 0.10 0.09 0.08 0.06 0.04 0.01 0.00 0.00 0.00 0.00 0.00 0.00 0.00
Alectoris graeca,BN00397,Perdrix bartavelle,Rock Partridge,1,0.094,0.057,mixed,0.04 0.03 0.03 0.03 0.03 0.03 0.03 0.04 0.04 0.04 0.05 0.07 0.07 0.08 0.09 0.09 0.09 0.09 0.08 0.08 0.08 0.08 0.07 0.07 0.07 0.06 0.06 0.06 0.06 0.06 0.06 0.06 0.06 0.06 0.06 0.06 0.06 0.05 0.05 0.05 0.04 0.04 0.04 0.04 0.04 0.04 0.04 0.04
Physeter macrocephalus,BN11436,Grand cachalot,Sperm Whale,0,0.172,0.056,mixed,0.03 0.03 0.03 0.03 0.04 0.04 0.04 0.04 0.05 0.05 0.04 0.06 0.04 0.03 0.04 0.13 0.17 0.16 0.12 0.04 0.03 0.03 0.05 0.06 0.07 0.06 0.07 0.02 0.03 0.02 0.06 0.10 0.07 0.07 0.05 0.03 0.03 0.09 0.14 0.15 0.07 0.04 0.04 0.02 0.02 0.02 0.02 0.02
Curruca subalpina,BN04091,Fauvette de Moltoni,Moltoni's Warbler,1,0.126,0.056,summer,0.00 0.00 0.00 0.00 0.00 0.00 0.00 0.00 0.00 0.01 0.03 0.05 0.06 0.08 0.09 0.10 0.12 0.12 0.13 0.13 0.12 0.12 0.12 0.11 0.12 0.11 0.10 0.10 0.10 0.10 0.11 0.10 0.09 0.08 0.08 0.07 0.06 0.05 0.04 0.03 0.00 0.00 0.00 0.00 0.00 0.00 0.00 0.00
Curruca cantillans,BN04072,Fauvette des Balkans,Eastern Subalpine Warbler,1,0.169,0.054,summer,0.00 0.00 0.00 0.00 0.00 0.00 0.00 0.00 0.00 0.01 0.05 0.09 0.13 0.16 0.16 0.17 0.15 0.15 0.13 0.12 0.11 0.10 0.09 0.09 0.08 0.08 0.08 0.07 0.07 0.07 0.06 0.06 0.05 0.05 0.04 0.04 0.03 0.03 0.01 0.01 0.00 0.00 0.00 0.00 0.00 0.00 0.00 0.00
Tetrastes bonasia,BN14850,Gélinotte des bois,Hazel Grouse,1,0.062,0.054,resident,0.05 0.05 0.05 0.05 0.06 0.06 0.05 0.05 0.05 0.05 0.05 0.05 0.05 0.05 0.05 0.05 0.05 0.05 0.05 0.05 0.06 0.06 0.06 0.05 0.06 0.05 0.05 0.05 0.06 0.06 0.06 0.06 0.06 0.05 0.05 0.05 0.05 0.06 0.06 0.06 0.06 0.06 0.05 0.05 0.05 0.05 0.05 0.05
Pseudochorthippus montanus,BN12364,Criquet palustre,,0,0.183,0.052,summer,0.00 0.00 0.00 0.00 0.00 0.00 0.00 0.00 0.00 0.00 0.00 0.00 0.00 0.00 0.00 0.00 0.00 0.00 0.01 0.01 0.02 0.03 0.05 0.10 0.13 0.15 0.15 0.17 0.18 0.18 0.18 0.18 0.18 0.17 0.17 0.16 0.13 0.08 0.03 0.02 0.01 0.00 0.00 0.00 0.00 0.00 0.00 0.00
Alaudala rufescens,BN00369,Alouette pispolette,Mediterranean Short-toed Lark,1,0.08,0.052,resident,0.04 0.04 0.04 0.04 0.05 0.05 0.05 0.05 0.06 0.06 0.07 0.08 0.08 0.08 0.08 0.07 0.07 0.06 0.06 0.05 0.05 0.05 0.05 0.05 0.05 0.05 0.05 0.05 0.05 0.05 0.05 0.05 0.05 0.05 0.05 0.05 0.05 0.05 0.05 0.05 0.05 0.04 0.04 0.04 0.05 0.04 0.04 0.04
Limnodromus scolopaceus,BN07880,Bécassin à long bec,Long-billed Dowitcher,1,0.075,0.05,mixed,0.05 0.05 0.05 0.05 0.05 0.04 0.04 0.05 0.05 0.05 0.05 0.05 0.05 0.05 0.05 0.04 0.04 0.04 0.03 0.02 0.02 0.02 0.02 0.02 0.03 0.03 0.04 0.05 0.05 0.06 0.06 0.06 0.06 0.07 0.07 0.07 0.07 0.07 0.07 0.08 0.07 0.07 0.07 0.07 0.06 0.06 0.06 0.05
Loxia leucoptera,BN08139,Bec-croisé bifascié,Two-barred Crossbill,1,0.101,0.05,mixed,0.10 0.10 0.10 0.09 0.09 0.08 0.08 0.07 0.07 0.05 0.04 0.03 0.02 0.02 0.02 0.02 0.02 0.02 0.02 0.03 0.03 0.02 0.02 0.03 0.02 0.01 0.01 0.01 0.02 0.03 0.03 0.03 0.04 0.05 0.05 0.06 0.06 0.06 0.06 0.06 0.07 0.07 0.08 0.08 0.09 0.09 0.09 0.09
Lagopus lagopus,BN07398,Lagopède des saules,Willow Ptarmigan,1,0.067,0.05,resident,0.05 0.05 0.05 0.05 0.05 0.05 0.05 0.05 0.05 0.05 0.06 0.06 0.06 0.06 0.07 0.06 0.06 0.07 0.06 0.06 0.06 0.05 0.04 0.04 0.03 0.03 0.03 0.03 0.03 0.03 0.03 0.04 0.05 0.05 0.05 0.06 0.06 0.06 0.06 0.06 0.05 0.05 0.05 0.04 0.05 0.05 0.05 0.05
Caprimulgus ruficollis,BN02404,Engoulevent à collier roux,Red-necked Nightjar,1,0.102,0.049,summer,0.00 0.00 0.00 0.00 0.00 0.00 0.00 0.00 0.00 0.00 0.00 0.02 0.04 0.06 0.08 0.09 0.10 0.10 0.10 0.10 0.10 0.10 0.10 0.10 0.10 0.10 0.10 0.10 0.10 0.10 0.10 0.10 0.10 0.10 0.09 0.08 0.06 0.03 0.01 0.00 0.00 0.00 0.00 0.00 0.00 0.00 0.00 0.00
Oxyura leucocephala,BN10446,Érismature à tête blanche,White-headed Duck,1,0.084,0.049,mixed,0.08 0.08 0.07 0.07 0.06 0.06 0.06 0.05 0.05 0.05 0.05 0.04 0.04 0.04 0.04 0.04 0.03 0.03 0.03 0.03 0.02 0.02 0.02 0.02 0.02 0.02 0.02 0.02 0.03 0.03 0.04 0.04 0.05 0.05 0.05 0.05 0.05 0.06 0.06 0.06 0.06 0.07 0.08 0.08 0.08 0.08 0.08 0.08
Pelobates fuscus,BN10826,Pélobate brun,Common Spadefoot,0,0.121,0.048,summer,0.00 0.00 0.00 0.00 0.00 0.01 0.01 0.01 0.02 0.04 0.07 0.11 0.12 0.12 0.12 0.11 0.10 0.10 0.10 0.10 0.09 0.08 0.08 0.08 0.07 0.07 0.07 0.07 0.06 0.06 0.06 0.06 0.06 0.05 0.05 0.04 0.03 0.02 0.01 0.01 0.01 0.00 0.00 0.00 0.00 0.00 0.00 0.00
Cecropis daurica,BN02536,Hirondelle striolée,Eastern Red-rumped Swallow,1,0.088,0.046,summer,0.00 0.00 0.00 0.00 0.00 0.00 0.01 0.02 0.02 0.03 0.04 0.05 0.07 0.07 0.08 0.09 0.09 0.08 0.08 0.07 0.07 0.07 0.07 0.06 0.06 0.06 0.06 0.07 0.08 0.08 0.08 0.08 0.08 0.09 0.09 0.09 0.07 0.06 0.03 0.03 0.02 0.01 0.00 0.00 0.00 0.00 0.00 0.00
Chersophilus duponti,BN02838,Alouette de Dupont,Dupont's Lark,1,0.074,0.044,mixed,0.02 0.02 0.02 0.02 0.02 0.03 0.03 0.03 0.04 0.05 0.06 0.06 0.07 0.07 0.07 0.07 0.07 0.07 0.07 0.07 0.07 0.07 0.06 0.06 0.06 0.05 0.05 0.05 0.05 0.05 0.05 0.05 0.05 0.05 0.05 0.04 0.04 0.03 0.03 0.02 0.02 0.02 0.02 0.02 0.02 0.02 0.02 0.02
Phoenicopterus chilensis,BN11185,Flamant du Chili,Chilean Flamingo,1,0.054,0.043,resident,0.05 0.05 0.04 0.04 0.04 0.04 0.04 0.04 0.04 0.04 0.04 0.04 0.04 0.04 0.04 0.04 0.04 0.05 0.05 0.05 0.05 0.05 0.05 0.05 0.05 0.05 0.05 0.05 0.05 0.05 0.05 0.04 0.04 0.05 0.04 0.04 0.04 0.04 0.04 0.04 0.04 0.04 0.04 0.04 0.04 0.04 0.04 0.04
Anser canagicus,BN00824,Oie empereur,Emperor Goose,1,0.07,0.042,mixed,0.06 0.07 0.07 0.07 0.07 0.07 0.07 0.06 0.06 0.06 0.06 0.05 0.04 0.04 0.04 0.04 0.04 0.03 0.03 0.03 0.03 0.03 0.03 0.03 0.02 0.02 0.03 0.03 0.03 0.03 0.03 0.03 0.04 0.04 0.04 0.04 0.03 0.03 0.03 0.04 0.04 0.04 0.05 0.05 0.05 0.05 0.06 0.06
Curruca sarda,BN04090,Fauvette sarde,Marmora's Warbler,1,0.065,0.042,mixed,0.02 0.02 0.02 0.02 0.02 0.02 0.02 0.02 0.02 0.02 0.03 0.04 0.04 0.05 0.05 0.05 0.05 0.06 0.06 0.06 0.07 0.07 0.07 0.06 0.06 0.06 0.06 0.06 0.06 0.06 0.06 0.06 0.06 0.05 0.05 0.05 0.05 0.05 0.04 0.04 0.03 0.03 0.03 0.02 0.02 0.02 0.02 0.02
Polysarcus denticauda,BN11971,Barbitiste ventru,Bull Bush-cricket,0,0.163,0.041,summer,0.00 0.00 0.00 0.00 0.00 0.00 0.00 0.00 0.00 0.00 0.00 0.00 0.00 0.00 0.00 0.01 0.02 0.04 0.07 0.10 0.13 0.15 0.15 0.16 0.16 0.16 0.16 0.15 0.14 0.13 0.11 0.07 0.03 0.01 0.00 0.00 0.00 0.00 0.00 0.00 0.00 0.00 0.00 0.00 0.00 0.00 0.00 0.00
Chrysolophus pictus,BN03056,Faisan doré,Golden Pheasant,1,0.072,0.041,mixed,0.03 0.03 0.03 0.03 0.03 0.03 0.03 0.04 0.04 0.05 0.06 0.07 0.07 0.07 0.07 0.07 0.06 0.06 0.06 0.05 0.04 0.03 0.03 0.03 0.03 0.03 0.03 0.03 0.02 0.03 0.02 0.03 0.03 0.03 0.04 0.05 0.05 0.05 0.05 0.05 0.04 0.04 0.04 0.04 0.04 0.04 0.03 0.03
Arcyptera fusca,BN01183,Arcyptère bariolée,Large Banded Grasshopper,0,0.124,0.04,summer,0.00 0.00 0.00 0.00 0.00 0.00 0.00 0.00 0.00 0.00 0.00 0.00 0.00 0.00 0.00 0.00 0.00 0.00 0.01 0.03 0.05 0.06 0.07 0.08 0.10 0.10 0.11 0.12 0.12 0.12 0.12 0.11 0.10 0.10 0.10 0.09 0.08 0.08 0.06 0.05 0.02 0.00 0.00 0.00 0.00 0.00 0.00 0.00
Rhacocleis annulata,BN13145,Decticelle annelée,,0,0.214,0.04,passage,0.00 0.00 0.00 0.00 0.00 0.00 0.00 0.00 0.00 0.00 0.00 0.00 0.00 0.00 0.00 0.00 0.00 0.00 0.00 0.00 0.00 0.00 0.00 0.01 0.01 0.01 0.02 0.03 0.05 0.09 0.10 0.13 0.15 0.18 0.19 0.21 0.21 0.20 0.13 0.08 0.05 0.03 0.01 0.00 0.00 0.00 0.00 0.00
Spilopelia senegalensis,BN14114,Tourterelle maillée,Laughing Dove,1,0.06,0.04,resident,0.05 0.05 0.05 0.05 0.05 0.05 0.04 0.03 0.03 0.03 0.03 0.03 0.04 0.04 0.05 0.05 0.06 0.05 0.04 0.04 0.04 0.03 0.03 0.03 0.03 0.03 0.03 0.03 0.03 0.03 0.04 0.04 0.04 0.04 0.04 0.03 0.03 0.03 0.04 0.04 0.05 0.05 0.05 0.05 0.05 0.05 0.05 0.05
Chenonetta jubata,BN02829,Canard à crinière,Maned Duck,1,0.058,0.04,resident,0.06 0.05 0.05 0.05 0.05 0.05 0.05 0.04 0.04 0.04 0.04 0.04 0.03 0.03 0.03 0.03 0.03 0.03 0.03 0.03 0.03 0.03 0.03 0.03 0.03 0.04 0.04 0.04 0.04 0.04 0.04 0.04 0.04 0.04 0.04 0.04 0.04 0.04 0.04 0.04 0.04 0.05 0.05 0.05 0.05 0.05 0.05 0.05
Anser rossii,BN00829,Oie de Ross,Ross's Goose,1,0.08,0.04,winter,0.08 0.08 0.08 0.08 0.08 0.08 0.07 0.07 0.07 0.07 0.06 0.05 0.04 0.04 0.03 0.03 0.02 0.02 0.02 0.02 0.02 0.01 0.01 0.01 0.01 0.01 0.01 0.01 0.01 0.01 0.01 0.01 0.01 0.02 0.02 0.02 0.03 0.03 0.03 0.04 0.04 0.05 0.06 0.06 0.06 0.07 0.07 0.07
Hyla molleri,BN06803,Rainette ibérique,Iberian Tree Frog,0,0.074,0.039,summer,0.00 0.00 0.00 0.00 0.01 0.01 0.01 0.03 0.04 0.06 0.07 0.07 0.07 0.07 0.07 0.07 0.07 0.06 0.06 0.06 0.06 0.06 0.06 0.06 0.06 0.06 0.06 0.06 0.06 0.06 0.06 0.06 0.06 0.06 0.06 0.05 0.04 0.03 0.02 0.01 0.01 0.00 0.00 0.00 0.00 0.00 0.00 0.00
Acrocephalus paludicola,BN00092,Phragmite aquatique,Aquatic Warbler,1,0.219,0.038,mixed,0.00 0.00 0.00 0.00 0.00 0.00 0.00 0.00 0.00 0.00 0.00 0.00 0.00 0.00 0.02 0.03 0.04 0.04 0.04 0.03 0.02 0.02 0.02 0.02 0.02 0.02 0.03 0.04 0.07 0.13 0.18 0.20 0.22 0.20 0.17 0.13 0.07 0.03 0.01 0.00 0.00 0.00 0.00 0.00 0.00 0.00 0.00 0.00
Pluvialis dominica,BN11797,Pluvier bronzé,American Golden Plover,1,0.125,0.036,passage,0.00 0.00 0.00 0.00 0.00 0.00 0.00 0.00 0.01 0.02 0.03 0.03 0.04 0.05 0.06 0.06 0.05 0.04 0.02 0.01 0.00 0.00 0.00 0.00 0.00 0.00 0.01 0.01 0.02 0.03 0.05 0.07 0.10 0.11 0.12 0.12 0.12 0.12 0.11 0.10 0.07 0.04 0.03 0.02 0.01 0.00 0.00 0.00
Pholidoptera aptera,BN11207,Pholidoptère sonore,Alpine Dark Bush-cricket,0,0.094,0.035,summer,0.00 0.00 0.00 0.00 0.00 0.00 0.00 0.00 0.00 0.00 0.00 0.00 0.01 0.02 0.02 0.03 0.04 0.05 0.06 0.07 0.07 0.08 0.08 0.08 0.09 0.09 0.09 0.09 0.08 0.08 0.08 0.08 0.07 0.07 0.06 0.06 0.05 0.03 0.02 0.01 0.00 0.00 0.00 0.00 0.00 0.00 0.00 0.00
Omocestus raymondi,BN10139,Criquet des garrigues,Raymond's Grasshopper,0,0.098,0.035,summer,0.00 0.00 0.00 0.00 0.00 0.00 0.00 0.00 0.00 0.00 0.01 0.01 0.03 0.04 0.05 0.07 0.08 0.09 0.10 0.09 0.08 0.07 0.07 0.06 0.05 0.05 0.04 0.04 0.04 0.03 0.03 0.04 0.04 0.05 0.06 0.06 0.06 0.06 0.05 0.04 0.04 0.03 0.02 0.01 0.00 0.00 0.00 0.00
Curruca nisoria,BN04088,Fauvette épervière,Barred Warbler,1,0.165,0.033,mixed,0.00 0.00 0.00 0.00 0.00 0.00 0.00 0.00 0.00 0.00 0.00 0.00 0.00 0.01 0.02 0.03 0.07 0.11 0.15 0.16 0.12 0.07 0.05 0.05 0.04 0.04 0.03 0.03 0.04 0.04 0.04 0.05 0.06 0.06 0.06 0.06 0.05 0.05 0.03 0.03 0.01 0.01 0.01 0.00 0.00 0.00 0.00 0.00
Locustella fluviatilis,BN08001,Locustelle fluviatile,River Warbler,1,0.169,0.032,summer,0.00 0.00 0.00 0.00 0.00 0.00 0.00 0.00 0.00 0.00 0.00 0.00 0.00 0.01 0.04 0.08 0.12 0.14 0.16 0.17 0.16 0.15 0.13 0.11 0.07 0.04 0.03 0.03 0.02 0.02 0.02 0.01 0.01 0.00 0.00 0.00 0.00 0.00 0.00 0.00 0.00 0.00 0.00 0.00 0.00 0.00 0.00 0.00
Phylloscopus proregulus,BN11373,Pouillot de Pallas,Pallas's Leaf Warbler,1,0.108,0.031,mixed,0.04 0.04 0.04 0.03 0.03 0.03 0.03 0.03 0.03 0.03 0.04 0.03 0.03 0.02 0.02 0.02 0.01 0.01 0.01 0.00 0.00 0.00 0.00 0.00 0.00 0.00 0.00 0.00 0.00 0.00 0.00 0.00 0.01 0.02 0.04 0.06 0.09 0.11 0.11 0.10 0.09 0.08 0.07 0.05 0.04 0.04 0.04 0.04
Somateria spectabilis,BN14016,Eider à tête grise,King Eider,1,0.068,0.03,winter,0.06 0.07 0.07 0.05 0.05 0.05 0.05 0.06 0.05 0.05 0.05 0.05 0.06 0.05 0.05 0.04 0.02 0.01 0.01 0.00 0.00 0.00 0.00 0.00 0.00 0.00 0.00 0.00 0.00 0.00 0.00 0.00 0.00 0.00 0.00 0.00 0.01 0.01 0.01 0.02 0.04 0.05 0.06 0.05 0.06 0.07 0.07 0.06
Gomphocerus sibiricus,BN06090,Gomphocère des alpages,Club-legged Grasshopper,0,0.087,0.029,summer,0.00 0.00 0.00 0.00 0.00 0.00 0.00 0.00 0.00 0.00 0.00 0.00 0.00 0.00 0.00 0.00 0.00 0.01 0.01 0.03 0.04 0.05 0.06 0.06 0.07 0.08 0.08 0.08 0.09 0.09 0.08 0.08 0.08 0.08 0.07 0.07 0.06 0.05 0.04 0.01 0.00 0.00 0.00 0.00 0.00 0.00 0.00 0.00
Calidris subruficollis,BN02161,Bécasseau roussâtre,Buff-breasted Sandpiper,1,0.155,0.029,mixed,0.00 0.00 0.00 0.00 0.00 0.00 0.00 0.00 0.00 0.00 0.00 0.00 0.00 0.00 0.00 0.00 0.01 0.01 0.01 0.00 0.00 0.00 0.00 0.00 0.00 0.01 0.03 0.05 0.07 0.09 0.11 0.13 0.15 0.15 0.15 0.13 0.10 0.09 0.05 0.03 0.00 0.00 0.00 0.00 0.00 0.00 0.00 0.00
Lanius minor,BN07519,Pie-grièche à poitrine rose,Lesser Grey Shrike,1,0.142,0.029,summer,0.00 0.00 0.00 0.00 0.00 0.00 0.00 0.00 0.00 0.00 0.00 0.00 0.00 0.00 0.01 0.03 0.08 0.12 0.14 0.14 0.12 0.10 0.09 0.08 0.07 0.06 0.06 0.05 0.05 0.05 0.04 0.03 0.02 0.01 0.01 0.01 0.00 0.00 0.00 0.00 0.00 0.00 0.00 0.00 0.00 0.00 0.00 0.00
Dendrocopos syriacus,BN04408,Pic syriaque,Syrian Woodpecker,1,0.094,0.029,winter,0.09 0.09 0.09 0.08 0.07 0.06 0.05 0.04 0.03 0.03 0.02 0.01 0.01 0.01 0.01 0.01 0.00 0.00 0.00 0.00 0.00 0.00 0.00 0.00 0.00 0.00 0.00 0.00 0.00 0.00 0.00 0.00 0.00 0.00 0.00 0.00 0.00 0.01 0.01 0.03 0.05 0.06 0.07 0.08 0.09 0.09 0.09 0.09
Vespertilio murinus,BN15731,Vespertilion bicolore,Particoloured Bat,0,0.062,0.027,mixed,0.02 0.02 0.02 0.02 0.01 0.01 0.01 0.01 0.01 0.01 0.01 0.01 0.01 0.01 0.01 0.01 0.01 0.01 0.01 0.01 0.01 0.01 0.01 0.01 0.02 0.02 0.02 0.03 0.04 0.05 0.05 0.05 0.05 0.05 0.06 0.06 0.06 0.06 0.06 0.05 0.05 0.05 0.04 0.04 0.03 0.02 0.02 0.02
Calidris fuscicollis,BN02148,Bécasseau à croupion blanc,White-rumped Sandpiper,1,0.102,0.027,mixed,0.00 0.00 0.00 0.00 0.00 0.00 0.00 0.00 0.00 0.00 0.00 0.00 0.00 0.00 0.00 0.00 0.01 0.02 0.03 0.02 0.02 0.02 0.02 0.02 0.02 0.03 0.03 0.04 0.05 0.06 0.07 0.09 0.09 0.10 0.10 0.10 0.10 0.10 0.08 0.06 0.03 0.01 0.00 0.00 0.00 0.00 0.00 0.00
Luscinia luscinia,BN08171,Rossignol progné,Thrush Nightingale,1,0.158,0.026,mixed,0.00 0.00 0.00 0.00 0.00 0.00 0.00 0.00 0.00 0.00 0.00 0.00 0.01 0.03 0.04 0.08 0.13 0.16 0.15 0.14 0.08 0.05 0.04 0.04 0.03 0.03 0.03 0.03 0.02 0.03 0.03 0.03 0.03 0.02 0.02 0.02 0.01 0.00 0.00 0.00 0.00 0.00 0.00 0.00 0.00 0.00 0.00 0.00
Oenanthe melanoleuca,BN10091,Traquet noir et blanc,Eastern Black-eared Wheatear,1,0.078,0.025,summer,0.00 0.00 0.00 0.00 0.00 0.00 0.00 0.00 0.00 0.00 0.00 0.02 0.03 0.05 0.06 0.07 0.08 0.08 0.08 0.07 0.06 0.05 0.05 0.04 0.05 0.05 0.05 0.04 0.04 0.04 0.04 0.04 0.03 0.03 0.02 0.02 0.01 0.00 0.00 0.00 0.00 0.00 0.00 0.00 0.00 0.00 0.00 0.00
Hyla sarda,BN06805,Rainette Sarde,Sardinian Tree Frog,0,0.051,0.024,summer,0.00 0.00 0.00 0.00 0.00 0.00 0.00 0.01 0.01 0.02 0.03 0.03 0.04 0.04 0.03 0.04 0.04 0.04 0.05 0.05 0.05 0.05 0.05 0.05 0.04 0.04 0.04 0.04 0.04 0.04 0.03 0.03 0.04 0.04 0.03 0.03 0.03 0.02 0.02 0.01 0.00 0.00 0.00 0.00 0.00 0.00 0.00 0.00
Platycleis affinis,BN11633,Decticelle côtière,Tuberous Bush-cricket,0,0.136,0.023,mixed,0.00 0.00 0.00 0.00 0.00 0.00 0.00 0.00 0.00 0.00 0.00 0.00 0.00 0.00 0.00 0.00 0.00 0.00 0.00 0.00 0.01 0.02 0.02 0.04 0.06 0.07 0.09 0.12 0.14 0.14 0.13 0.09 0.07 0.05 0.03 0.02 0.01 0.00 0.00 0.00 0.00 0.00 0.00 0.00 0.00 0.00 0.00 0.00
Pteronemobius heydenii,BN12615,Grillon des marais,Marsh-cricket,0,0.072,0.022,summer,0.00 0.00 0.00 0.00 0.00 0.00 0.00 0.00 0.00 0.01 0.01 0.01 0.01 0.01 0.02 0.03 0.03 0.04 0.05 0.06 0.06 0.07 0.07 0.07 0.07 0.07 0.06 0.06 0.06 0.05 0.05 0.04 0.03 0.03 0.02 0.01 0.00 0.00 0.00 0.00 0.00 0.00 0.00 0.00 0.00 0.00 0.00 0.00
Spatula discors,BN14032,Sarcelle à ailes bleues,Blue-winged Teal,1,0.061,0.021,passage,0.00 0.00 0.00 0.00 0.00 0.00 0.00 0.01 0.02 0.03 0.04 0.05 0.05 0.05 0.05 0.04 0.04 0.04 0.02 0.02 0.02 0.01 0.01 0.01 0.01 0.01 0.01 0.01 0.01 0.02 0.02 0.03 0.03 0.05 0.05 0.06 0.05 0.06 0.04 0.04 0.02 0.01 0.01 0.00 0.00 0.00 0.00 0.00
Phylloscopus humei,BN11345,Pouillot de Hume,Hume's Leaf Warbler,1,0.067,0.021,winter,0.04 0.04 0.04 0.03 0.03 0.02 0.02 0.02 0.02 0.02 0.02 0.02 0.02 0.02 0.01 0.01 0.00 0.00 0.00 0.00 0.00 0.00 0.00 0.00 0.00 0.00 0.00 0.00 0.00 0.00 0.00 0.00 0.00 0.00 0.01 0.02 0.04 0.05 0.06 0.07 0.07 0.06 0.06 0.05 0.04 0.04 0.04 0.04
Clanga pomarina,BN03327,Aigle pomarin,Lesser Spotted Eagle,1,0.077,0.021,mixed,0.00 0.00 0.00 0.00 0.00 0.00 0.00 0.01 0.01 0.01 0.02 0.04 0.06 0.06 0.08 0.07 0.07 0.06 0.05 0.04 0.03 0.02 0.02 0.02 0.02 0.02 0.02 0.02 0.02 0.02 0.03 0.03 0.03 0.03 0.03 0.03 0.02 0.02 0.01 0.01 0.00 0.00 0.00 0.00 0.00 0.00 0.00 0.00
Calidris falcinellus,BN02146,Bécasseau falcinelle,Broad-billed Sandpiper,1,0.085,0.02,mixed,0.00 0.00 0.00 0.00 0.00 0.00 0.00 0.00 0.00 0.00 0.00 0.00 0.00 0.02 0.02 0.03 0.04 0.04 0.04 0.04 0.03 0.03 0.03 0.03 0.03 0.03 0.04 0.04 0.06 0.07 0.09 0.08 0.06 0.04 0.03 0.02 0.01 0.01 0.00 0.00 0.00 0.00 0.00 0.00 0.00 0.00 0.00 0.00
Phylloscopus fuscatus,BN11339,Pouillot brun,Dusky Warbler,1,0.088,0.02,mixed,0.02 0.02 0.02 0.01 0.01 0.01 0.01 0.01 0.01 0.01 0.01 0.01 0.01 0.01 0.01 0.01 0.01 0.01 0.00 0.00 0.00 0.00 0.00 0.00 0.00 0.00 0.00 0.00 0.00 0.00 0.00 0.00 0.01 0.01 0.02 0.04 0.06 0.09 0.08 0.08 0.08 0.07 0.06 0.04 0.03 0.03 0.03 0.02
Tibicina haematodes,BN15017,Cigale rouge,Red Cicada,0,0.126,0.019,summer,0.00 0.00 0.00 0.00 0.00 0.00 0.00 0.00 0.00 0.00 0.00 0.00 0.00 0.00 0.00 0.00 0.00 0.00 0.00 0.02 0.06 0.09 0.10 0.12 0.13 0.12 0.10 0.08 0.06 0.03 0.01 0.00 0.00 0.00 0.00 0.00 0.00 0.00 0.00 0.00 0.00 0.00 0.00 0.00 0.00 0.00 0.00 0.00
Platycleis intermedia,BN11637,Decticelle intermédiaire,Intermediate Grey Bush-cricket,0,0.087,0.018,mixed,0.00 0.00 0.00 0.00 0.00 0.00 0.00 0.00 0.00 0.00 0.00 0.00 0.00 0.00 0.00 0.00 0.00 0.00 0.00 0.00 0.00 0.01 0.02 0.03 0.05 0.06 0.07 0.08 0.08 0.09 0.09 0.08 0.07 0.05 0.04 0.02 0.01 0.00 0.00 0.00 0.00 0.00 0.00 0.00 0.00 0.00 0.00 0.00
Iduna pallida,BN07139,Hypolaïs pâle,Eastern Olivaceous Warbler,1,0.074,0.017,summer,0.00 0.00 0.00 0.00 0.00 0.00 0.00 0.00 0.00 0.00 0.00 0.00 0.00 0.00 0.01 0.04 0.07 0.07 0.07 0.07 0.07 0.06 0.06 0.05 0.05 0.05 0.04 0.03 0.02 0.02 0.02 0.01 0.00 0.00 0.00 0.00 0.00 0.00 0.00 0.00 0.00 0.00 0.00 0.00 0.00 0.00 0.00 0.00
Vanellus gregarius,BN15670,Vanneau sociable,Sociable Lapwing,1,0.061,0.017,mixed,0.01 0.01 0.01 0.01 0.01 0.02 0.02 0.02 0.03 0.04 0.04 0.04 0.03 0.02 0.02 0.01 0.01 0.00 0.00 0.00 0.00 0.00 0.00 0.00 0.00 0.00 0.00 0.00 0.00 0.00 0.00 0.00 0.01 0.01 0.02 0.02 0.03 0.04 0.05 0.06 0.05 0.04 0.03 0.03 0.02 0.02 0.01 0.01
Melanogryllus desertus,BN08618,Grillon noirâtre,Desert Cricket,0,0.067,0.016,mixed,0.00 0.00 0.00 0.00 0.00 0.00 0.00 0.00 0.01 0.01 0.01 0.02 0.04 0.04 0.05 0.06 0.07 0.07 0.06 0.05 0.04 0.04 0.03 0.03 0.02 0.02 0.01 0.01 0.01 0.01 0.01 0.01 0.01 0.01 0.01 0.01 0.01 0.00 0.00 0.00 0.00 0.00 0.00 0.00 0.00 0.00 0.00 0.00
Platycleis grisea,BN11636,Decticelle grisâtre,Eastern Grey Bush-cricket,0,0.06,0.016,summer,0.00 0.00 0.00 0.00 0.00 0.00 0.00 0.00 0.00 0.00 0.00 0.00 0.00 0.00 0.00 0.00 0.00 0.00 0.00 0.01 0.01 0.02 0.03 0.03 0.04 0.05 0.06 0.06 0.06 0.06 0.06 0.06 0.05 0.05 0.04 0.03 0.02 0.01 0.00 0.00 0.00 0.00 0.00 0.00 0.00 0.00 0.00 0.00
Chroicocephalus philadelphia,BN03027,Mouette de Bonaparte,Bonaparte's Gull,1,0.067,0.016,winter,0.04 0.04 0.03 0.03 0.03 0.03 0.02 0.02 0.02 0.02 0.02 0.00 0.00 0.00 0.00 0.00 0.00 0.00 0.00 0.00 0.00 0.00 0.00 0.00 0.00 0.00 0.00 0.00 0.00 0.00 0.00 0.00 0.00 0.00 0.00 0.00 0.01 0.01 0.01 0.03 0.04 0.04 0.05 0.06 0.06 0.07 0.06 0.05
Tettigettalna argentata,BN14854,Cigalette argentée,,0,0.084,0.014,summer,0.00 0.00 0.00 0.00 0.00 0.00 0.00 0.00 0.00 0.00 0.00 0.00 0.00 0.00 0.00 0.00 0.00 0.00 0.00 0.01 0.03 0.04 0.06 0.07 0.08 0.08 0.08 0.08 0.06 0.04 0.03 0.02 0.01 0.00 0.00 0.00 0.00 0.00 0.00 0.00 0.00 0.00 0.00 0.00 0.00 0.00 0.00 0.00
Emberiza melanocephala,BN05063,Bruant mélanocéphale,Black-headed Bunting,1,0.067,0.014,summer,0.00 0.00 0.00 0.00 0.00 0.00 0.00 0.00 0.00 0.00 0.00 0.00 0.00 0.00 0.01 0.03 0.06 0.06 0.07 0.07 0.06 0.06 0.06 0.05 0.04 0.04 0.03 0.02 0.00 0.00 0.00 0.00 0.00 0.00 0.00 0.00 0.00 0.00 0.00 0.00 0.00 0.00 0.00 0.00 0.00 0.00 0.00 0.00
Cercotrichas galactotes,BN02649,Agrobate roux,Rufous-tailed Scrub Robin,1,0.064,0.014,summer,0.00 0.00 0.00 0.00 0.00 0.00 0.00 0.00 0.00 0.00 0.00 0.00 0.00 0.00 0.00 0.01 0.03 0.05 0.06 0.06 0.06 0.06 0.06 0.05 0.05 0.04 0.04 0.03 0.02 0.02 0.01 0.00 0.00 0.00 0.00 0.00 0.00 0.00 0.00 0.00 0.00 0.00 0.00 0.00 0.00 0.00 0.00 0.00
Euplectes afer,BN05437,Euplecte vorabé,Yellow-crowned Bishop,1,0.058,0.014,mixed,0.00 0.00 0.00 0.00 0.00 0.00 0.00 0.00 0.00 0.00 0.00 0.01 0.01 0.01 0.01 0.01 0.01 0.01 0.01 0.01 0.01 0.01 0.01 0.01 0.01 0.02 0.02 0.02 0.02 0.02 0.02 0.03 0.03 0.04 0.05 0.06 0.05 0.05 0.04 0.03 0.02 0.01 0.00 0.00 0.00 0.00 0.00 0.00
Lynx lynx,BN08201,Lynx d'Eurasie,Eurasian Lynx,0,0.053,0.013,winter,0.03 0.04 0.05 0.05 0.05 0.05 0.05 0.04 0.04 0.03 0.02 0.01 0.01 0.00 0.00 0.00 0.00 0.00 0.00 0.00 0.00 0.00 0.00 0.00 0.00 0.00 0.00 0.00 0.00 0.00 0.00 0.00 0.00 0.00 0.00 0.00 0.00 0.00 0.00 0.00 0.01 0.01 0.01 0.01 0.02 0.02 0.02 0.03
Puffinus baroli,BN12792,Puffin de Macaronésie,Barolo Shearwater,1,0.114,0.012,mixed,0.00 0.00 0.00 0.00 0.00 0.00 0.00 0.00 0.00 0.00 0.00 0.00 0.00 0.00 0.00 0.00 0.00 0.00 0.00 0.00 0.00 0.00 0.00 0.00 0.00 0.00 0.00 0.01 0.07 0.09 0.10 0.11 0.11 0.03 0.02 0.02 0.00 0.00 0.00 0.00 0.00 0.00 0.00 0.00 0.00 0.00 0.00 0.00
Cicadatra atra,BN03085,Cigale noire,Black Sorrow Cicada,0,0.058,0.01,summer,0.00 0.00 0.00 0.00 0.00 0.00 0.00 0.00 0.00 0.00 0.00 0.00 0.00 0.00 0.00 0.00 0.00 0.00 0.00 0.01 0.03 0.05 0.05 0.06 0.06 0.06 0.05 0.05 0.03 0.02 0.01 0.00 0.00 0.00 0.00 0.00 0.00 0.00 0.00 0.00 0.00 0.00 0.00 0.00 0.00 0.00 0.00 0.00
